x,y,t
3.8900898748376607,-8.076322189087511,3.352412902652991
-4.234441167982487,-1.312716780945341,1.7015437407318152
-5.408341219428778,-1.368917286073053,2.4730893414928774
1.0160324278412465,-0.12503506652393695,3.458843209558932
4.345485601754149,-1.4685602521426062,6.778380264881094
-1.522492089535673,-3.717227785145188,-8.252739231017713
9.519131128015387,-1.4582441221363975,5.220920260578096
3.6596288239802934,7.789105429719269,-5.075405784169895
-0.37754835060965347,8.794368360436817,-6.054385380540337
-2.1360731397558195,0.036366182509863856,1.434647758331167
-3.105075280212786,2.4542684454838017,-8.004892171074735
4.535184206204025,-7.610755777429945,7.629471160247764
-1.2162695553434366,-3.6177474599576462,2.519529646615121
-8.718377647130547,-1.6864410033180908,4.423643892161104
-2.018723744457458,7.252921326090646,-9.580641707438668
4.712309033494307,-4.940983765149167,1.8697512130118417
-6.2866637370207,-0.3359215675984539,1.1243468094069162
-6.426055228279648,9.61408375509196,-6.75259904593449
0.6247172020683998,0.3858053613442249,-6.869203800529493
0.630186224517948,2.2353116101067596,3.871484669664036
2.6611389793161573,-7.51155241339159,-3.5884247576388484
6.918749522740233,6.4615478500352985,3.8010118515300295
4.444215432240578,2.040590542536362,1.0767883444118873
2.198265511416141,0.8923465280360053,-2.198778632361737
4.404378974890387,-3.1132760912686934,8.417623294356925
-3.5054135057070717,-3.878408377261755,6.765065938871782
-2.736584618678181,-1.6429602217109083,-2.8235281796731106
-5.380388028596679,3.5897551626973736,-9.036889016778998
-4.084461881501179,7.434045467544464,-3.8655921464602705
2.5933272523188577,0.20636228206462046,-2.0159234980239766
-1.6070616288042767,-2.451219180321931,-2.0535001922593517
-2.4277213300992413,-1.7765616616890965,-2.7494568859127133
-2.546297092871594,-3.943424777611828,-2.849433650439772
-1.8973704618342175,-0.6094120191060899,-1.6703230704834848
-1.5610620604288739,-0.3123205534843758,-1.324183672020921
-2.153787079751078,-1.7978812381651879,-1.151811909160049
-1.038471603230769,-2.9279155328615354,-2.2236282928127054
-1.6303405228302734,-0.03904399914368417,-1.1233683305738151
-2.038136197031278,-2.4672238799743265,-1.3603930558046295
-2.215764963611699,-1.2253784228380122,-2.151916663273365
-2.313643967698261,-1.240189811019722,-2.1873599342582555
-1.5419005852319168,-2.26276374136332,-2.333042394668221
-2.1228555106407514,-3.2033673706663097,-2.861766787923667
-2.8806442067808633,-0.13368249645043395,-2.980547728202939
-2.203911489339137,-3.745236562720517,-2.509002673023627
-1.5240091885359286,-2.059402448707813,-2.4907653019079614
-2.635016539093,-3.1170771608388828,-1.5406779081745756
-2.649096487705015,-2.8241034710887543,-2.685258645344013
-1.9368972523163233,-0.6858907112218775,-1.6151567320601203
-1.9363448258062679,-2.5309377480683297,-1.5393294000898512
-1.7311980828973579,-3.6666069211646084,-2.0805656781780932
-1.3011364118444209,-3.214763979512059,-2.7646929912250773
-1.5510893502787295,-0.5585063589392751,-1.5609807760767456
-1.7779529786448343,-0.0918845997593194,-1.1727054974263114
-1.5551132348595569,-2.928071357534505,-2.267641091645698
-2.3540821722936434,-1.2983640491872426,-1.4825204453959473
-2.276422688755372,-3.675204010000837,-1.5161625640658787
-2.5434735382420888,-1.1061376326746069,-2.891915664960777
-2.4125719072223415,-2.3342535503981634,-2.8885846688134285
-1.7380477522910245,-0.32736032684843286,-1.6467645182265211
-2.81579012010985,-2.7538553201866383,-1.3381846671686382
-2.1325976546409438,-0.23413201037789966,-1.158876193364963
-2.1382744733407124,-1.9870102916699817,-2.7166737534851784
-2.0126298046993876,-2.604428303865003,-1.8332195836128007
-2.148339419408344,-1.4119216194531656,-2.435893825355529
-2.3754775540550694,-3.0010151867554957,-2.5545982658339703
-2.1472973860743836,-3.0809456106019395,-1.5232228949426407
-1.2132216737657304,-3.2146142215009537,-2.173616243355785
-1.1116799635922407,-0.16040174469675827,-2.124615782662603
-1.9963266482313269,-2.0283450895257062,-1.3111974779867694
-1.7520940964157776,-0.9935401485400268,-2.5226305103790914
-2.7687632098414086,-2.1040324746773535,-1.943315244520528
-2.365429036359358,-1.6498393597315322,-1.3445792387236226
-2.1703475760927367,-1.6634440754560051,-2.7362223934725125
-1.2673816842332681,-0.08045476833044907,-1.8076340570596858
-2.4990892692069866,-1.3262675032835123,-1.325619825068758
-2.0339314714745913,-3.0409221137142386,-1.471068914979761
-1.02888042877859,-3.9392093633449003,-1.231035779258747
-1.9610297614803813,-3.1252714413011486,-2.9348716019968633
-1.7742109484740647,-2.177921430808173,-1.617087709378306
-2.7587426680193525,-2.4263186530940772,-2.5921269845868937
-1.3473183989863335,-0.7506950427346033,-1.8859625438406573
-1.7938797431781452,-0.8577729799949902,-1.4504422024771557
-1.9098639870670702,-3.643616128346336,-2.1596170698250523
-2.314472332451383,-0.1919571001232243,-1.5915925785950231
-2.3917584219456316,-1.8901732904674895,-1.3191786039476254
-2.165955577950597,-1.6143841485607462,-1.1085626202713106
-1.6373984684144067,-2.3797729147706628,-1.9098137896313943
-1.2490863164096502,-1.4019961772179848,-2.3678001389997068
-1.9791553250439777,-0.5146947860021402,-2.219947693306747
-1.6613724340754554,-1.3042561327220024,-1.2688061317531834
-1.8281268948755742,-0.11960582472198888,-2.519366738648404
-1.7501929958088003,-1.1955110013519201,-1.2334711989328193
-1.6506218980243503,-0.7131170542160943,-2.884327512955733
-1.3153151247594854,-3.8198416647246622,-1.0573490033156803
-2.8336100233351225,-1.3092059440097983,-2.7617855536812703
-1.4726343171133236,-1.380989422184335,-1.233221887001706
-2.5126672509262518,-3.593015796073505,-1.9184566438694124
-2.6115540788424583,-0.6304500157455593,-1.8773445046323438
-1.8550860850170539,-1.5433103843954772,-1.0386880919058168
-2.808574966775226,-3.606687638460268,-1.0972757799688082
-1.2293463474497208,-1.6221315251092658,-1.4027837069668903
-1.7455020558974625,-2.0863366066841027,-1.696833104579992
-1.5531672836200905,-3.0668257204487785,-1.6445972265726903
-2.967741586609966,-3.9209756376813165,-2.733062943906299
-1.811136241109915,-2.537730875256953,-2.065189345092058
-1.8864296152114226,-1.5205956901196953,-2.1416683988966803
-2.6820807117105545,-2.682883466050829,-2.7961817500605255
-2.693858969750454,-2.7709813899377114,-2.977343124952709
-1.6089409424581782,-0.9955150315054029,-2.967463384718272
-2.3624671472362473,-0.9655014097767483,-1.52506684639118
-1.6160594089363607,-1.1249366580832993,-2.1050879755665672
-1.8912335005644558,-3.5952721835792447,-2.0188507648236236
-2.222098851753711,-1.9353361721122262,-2.4928867806869865
-1.1497350207720278,-1.7688053585391263,-1.9183233341589547
-1.3166600061745675,-1.0207818922384235,-2.745585882593409
-2.2852048666336477,-0.3872891109565306,-2.6729005489938915
-2.9128170724019187,-2.523844535847592,-1.3647119337297313
-2.3904638531778053,-2.285346110643682,-2.9451412938373256
-2.203628636164038,-1.0689300304054798,-1.1679729753398926
-1.5900823390972756,-1.3494543253191713,-2.3236241517147347
-1.0092830359319651,-1.7685203963264344,-1.1356832206874083
-2.288170268565081,-2.59944147198819,-2.8726024047009338
-1.4749043724291324,-3.218590613771566,-2.3745998242161424
-1.8136461668755577,-3.264770511968944,-1.813662113031696
-1.6165964025996458,-3.6736668382005093,-1.124390316862608
-2.6977450953038398,-3.675196600455645,-2.8199929326716475
-2.2022474145476867,-0.6168071054650173,-1.3816139095786493
-2.518288204552751,-2.4653090033045704,-1.7739521573937003
-2.31308797190335,-3.757041508206206,-1.7199838910995529
-1.9737436916019957,-0.4142973138590409,-1.0153817973913146
-1.6667508996718567,-3.106918102585742,-2.3578343718819097
-2.7881830298863726,-2.927502278754862,-2.279624057560142
-2.7382100986718383,-3.2220086418222973,-1.9282922495162964
-2.356038787063384,-0.12999576046882755,-1.7498323036642405
-1.6768713266675126,-3.5498396553267817,-2.3765077604758815
-1.3069875494585559,-1.1113470313412939,-1.587352928319128
-1.8934853104065732,-0.27164502782435695,-2.835750801753869
-1.2910950249509905,-1.3279948187107835,-2.6103904299031084
-2.230324377448478,-0.5650935621893423,-2.9734962780338723
-2.3664242057632405,-3.030211592346993,-1.5007597755922861
-2.291470648816643,-1.3042880856245662,-1.1042037906231703
-2.657836341589802,-1.1965146401327291,-1.4625779962741163
-1.3417747309962191,-2.1666699493080968,-2.6542577714932953
-2.3226583081713468,-0.5178175175458621,-2.4322842740212174
-1.8952598494118538,-1.222455599325698,-1.657643443556952
-1.842897063782334,-0.42048883544466875,-2.381106751459572
-1.9569338812053354,-0.9871825869060817,-2.1863630870058777
-2.994623870851359,-1.9188383147460097,-2.488392069657645
-1.02330916143436,-2.0052471360174273,-1.931546495910595
-1.1893168486767802,-2.1850894931997975,-1.2610474178766096
-2.584728277607351,-3.9134125485877367,-2.5206143392391227
-2.41502117441515,-1.8594343999391332,-1.9409255336811135
-1.9599796938550331,-2.3081070651429445,-1.6699927017864573
-1.1961772546786589,-3.369865615589454,-2.986848349363715
-1.0327382301765535,-3.523721206452277,-2.4940544763771495
-2.484915871691834,-2.2025924867453543,-1.8654651550553945
-1.8712819141504367,-3.840347785815002,-1.3496009905346493
-1.3860626317256417,-0.05368044359818702,-2.5440770458614934
-2.2112598920944504,-2.4875162747723056,-1.202304527357398
-1.5378539283108859,-2.471563228195474,-1.3508690899566818
-2.6778619711415703,-3.795494797853253,-2.2118504076709353
-1.7986028643328202,-2.2933106641894456,-1.3730501268464512
-1.2682710833934707,-3.937018250747033,-1.3015028514266551
-1.0329567815928888,-3.879625466668684,-2.4366795556051883
-2.841268419243969,-2.6436030673503814,-2.769697338799116
-2.1433054505981017,-0.7161242090164897,-2.798162295250866
-2.5909142809071444,-2.164715680269614,-1.2384997337177783
-2.0987270189625304,-3.9406376831760492,-2.0111955695218873
-1.904472854742292,-3.3471198732417005,-1.6570947292662435
-2.8133465792603585,-1.040309112192808,-2.2198841509492913
-2.4062784490386413,-1.046825051421128,-1.439495668257009
-1.144831519695705,-0.9819083743803465,-1.351573624856584
-1.8619925371396093,-2.593322495265859,-1.2149285802534493
-2.085176004952776,-2.5908922118440865,-1.7164603743818105
-1.492948018403771,-0.7916973318440679,-1.2157591929533795
-1.5162756963159254,-2.4074484580433397,-1.2662937942992798
-2.9028419343114624,-1.0912359797577476,-2.4567125430358727
-1.582605209114508,-1.6755079644752797,-1.8229042310377197
-1.3215133043898328,-2.542633281701163,-2.475682548784583
-2.6681242315860922,-3.6799739199794836,-1.724361685340034
-1.4380041240000854,-3.5354984941065566,-1.205704963613228
-2.426926766541796,-0.4417651067643833,-2.0337207958157704
-2.3870604933408854,-2.1906379599104606,-1.3508796600731652
-1.669477069300634,-0.0239818442622588,-2.965790943422885
-2.7772156567845685,-2.5444122060259775,-1.2657131456961068
-1.6702551023934114,-3.000182781320269,-1.1115936723328936
-1.2242864146475547,-2.597842720756049,-2.373187165046334
-1.6073774635291873,-2.6276556121440295,-1.5807089747397767
-2.119344246669182,-1.4505730734821416,-1.3615381232109915
-2.123571231245551,-3.9490497452643756,-2.7514640625002813
-1.469807809521387,-0.9469254509313934,-2.1711081362188667
-1.8687159975482344,-2.3343414992118197,-2.5868331866518597
-2.8301916736163646,-2.2710432253213924,-1.5068822046460475
-1.8346578242771907,-2.0755399394770535,-2.188170345199324
-1.3703125942131806,-2.203150204815127,-2.999728115705585
-2.32586723310478,-2.0101164037584196,-2.474732673575703
-1.144846840849221,-2.6163827585699013,-2.5933951003677533
-1.4985659993136642,-2.18661545243889,-2.850463504201299
-1.851872349700071,-2.3813946572761413,-1.9383656260968714
-1.4967120224141632,-1.927029128091685,-2.326110300651278
-2.8417020785235896,-1.506923660575489,-2.5621372018547257
-1.2812218486387772,-3.0358375711299,-1.1266670020272502
-1.3569917735988841,-1.9662514047674224,-2.352443745891973
-1.1802566807795822,-1.6215123231563844,-2.7445948392018025
-2.74273760498124,-3.9322067416395785,-1.953643357944739
-2.83643982581203,-1.9180250453708867,-1.2153276768241672
-2.72316885443682,-3.0428270158936774,-1.444084348344715
-2.2012425797943997,-2.3818458082214096,-2.703621567614876
-2.151386277838016,-0.6938793505704681,-2.402038929671761
-1.8755632425381887,-2.695057612958151,-2.525662727357542
-2.75551290073499,-2.0671323050035117,-1.144728008935688
-2.597200997237258,-3.9010353853595383,-2.4414265108849236
-1.376711303431957,-2.7649964873391184,-2.6612364141156246
-2.064024851886501,-1.4411156276556722,-2.0897656811745775
-1.3841235810327797,-2.739352901762369,-1.7764378438462196
-2.9851472429107737,-3.1768099752728136,-2.682975537805861
-1.896814548035189,-2.8373772804413995,-2.9509787894867667
-1.1361357038466438,-0.1824867727642272,-2.8104699676258718
-1.8356490817082598,-3.6527927109908873,-1.6981045335684608
-2.5878085451094517,-2.1465689457011417,-2.6731032845435108
-1.5644848754408849,-3.766452385365502,-2.482313159549989
-2.242028300602165,-1.845367034844723,-1.6485625032470748
-1.6632321054810804,-3.415857052062209,-1.2572757941259114
-2.9413605542124577,-1.4636607790113052,-1.094656558436493
-1.7281992812972877,-2.9424101500395152,-2.232834410990468
-2.935604130124152,-1.2363384443109497,-2.5472570557190686
-1.510438689716468,-2.611415761325084,-1.5217354516712454
-2.0541739955230898,-3.983326045569696,-1.5751521826305954
-2.7564912890538924,-2.8204211639270205,-1.051154826502857
-1.914728148422988,-3.6724222437958045,-2.80422392937487
-2.8664511135499904,-2.0198414736410766,-1.2437113026082511
-1.6932702572939187,-2.844439725383352,-2.6486795191697308
-1.0078273452643491,-1.4400325249514854,-1.505329210019268
-1.4612053258520754,-2.0002562102744355,-1.00914940549673
-1.852451772682351,-3.8558205896165307,-2.536443114382509
-2.7947294815784085,-2.7254643977184125,-1.5156404086989774
-1.6003318504541706,-2.0437632370417638,-1.4516849527757119
-1.6776642653441378,-1.7111846296627613,-2.4380812654974537
-2.9018057387544474,-3.580514824287998,-1.1575390572558706
-1.4154013963108187,-1.4001148382924162,-2.8606719871529247
-1.9625668182189897,-2.625209289106956,-2.5422400812585013
-2.148264611600162,-3.268314824185281,-2.4108411924474016
-1.423625652797069,-0.7786932468838672,-2.819893122813324
-2.1768615535823255,-3.725506452507454,-2.5094956312754837
-2.037947448989693,-0.28092058665081243,-1.425673220428461
-2.6367423146523508,-1.1749353594784178,-2.4655329128876575
-2.3573622009871427,-2.0976359188306053,-1.9867685905934442
-1.3089340068748625,-3.955356460463523,-2.7292921815435207
-2.6261925021465693,-2.439498755814408,-1.8166257926491598
-2.1654178781933116,-1.4168063458870175,-1.7782593023820321
-1.0219309852094012,-0.5643476078348448,-2.5634782587680225
-2.5268003765889615,-1.528944023562298,-2.850697455350468
-1.1663353341223421,-2.409170314996859,-1.5964305680209707
-1.163205064388734,-2.2105624530207857,-1.7331274301084576
-2.8174073155935964,-0.5068186925868616,-2.035499714051352
-2.072694550228968,-2.5945707619728133,-1.209154838138466
-1.9955673293544258,-3.7393696055127714,-1.0454612492408197
-2.372662099895745,-2.229309772600309,-1.5352117357135775
-2.905320925524526,-0.006163495961169385,-1.075453283351865
-2.5166287255092046,-2.4809085493087286,-2.705710781233808
-2.8089407168892784,-3.227781133243697,-2.6809085830494075
-2.523500188575176,-3.819479453608772,-1.001866124034544
-1.3844178274196879,-3.3161244695785546,-2.2469233296931055
-1.2100434242279767,-2.703742382521921,-1.881079804066526
-2.9135542158407066,-1.7028866581516335,-1.1105355728876964
-2.3961063274745618,-1.3376463369748661,-1.792050534243563
-1.0388356028114247,-3.8287243032191536,-1.2599167226282766
-1.9209903548925293,-0.25527958722465494,-1.5854071662809652
-1.7473812765802874,-3.0574466205549924,-1.288246204014491
-2.988909183186191,-3.403751969326278,-2.059405825020167
-2.0301811131148817,-1.8766822637508418,-1.1012395461273294
-1.023342930755225,-1.2896567239828132,-2.7494776632032703
-2.249628945034404,-2.770988842560408,-1.3846577194152423
-2.8059236827222778,-1.3222351250212405,-2.529415548917747
-2.076182476863103,-2.822824587940705,-1.7623718136335806
-1.0739910680154836,-0.39131391935517756,-1.4474755565972988
-2.316338772869967,-0.47722105131506387,-1.5979981377070507
-1.4021545335699737,-3.7152224930359288,-2.120788824117634
-1.4023073375738762,-3.3983899192158415,-1.1393035952586483
-2.5835034065221265,-1.2077652554111191,-2.676341380175323
-2.1132645963975767,-3.9995195940441004,-1.5599835070801598
-1.5687974496913903,-0.7127455398931613,-2.493639109483901
-2.178960429172144,-2.5750407501388537,-1.6240714672057786
-2.6179860892591575,-1.0215204209819975,-2.618757224112067
-1.065011386387163,-3.8230511725820207,-2.904437990653678
-1.6984992670474133,-3.1629422824077102,-1.4304152532192551
-1.2690802969542012,-3.7167792816192056,-1.365107489781085
-2.9495152844007126,-3.280704819581923,-2.6751403215664142
-2.4661883704177305,-2.4623150709008663,-1.3858009218221004
-1.9958577993465143,-2.033792755984185,-2.3439159174760142
-2.8651027297398963,-0.3356345594322976,-1.8577051829748024
-1.0139334778104165,-1.4913039200558864,-1.7962359707202944
-2.527075207603942,-1.1740807440748728,-1.1727351781129762
-2.2514156353091037,-3.6715572933098266,-1.8595389586578945
-2.5719761701833077,-2.852851647466306,-1.2620869852734973
-2.789108267789098,-0.03307234818765048,-2.156959434633047
-2.5350404287915285,-1.7583107934232345,-1.6936553796075506
-2.3987797289935906,-0.8487302663979888,-2.617067832372472
-1.7311154642011217,-3.8700701359743737,-1.575571390819905
-2.437530437094183,-3.6636951434669234,-1.1444908481251417
-2.2754464780468475,-3.563067207593298,-2.1456472610235178
-2.9881143125529404,-3.938856622644899,-1.705420906196164
-2.268561748145271,-0.31208412537066454,-1.9114040529888878
-1.9322280366034108,-2.985458855307527,-2.970998198573395
-2.675968325898938,-0.013723475473442548,-1.1844340836992002
-1.80513378327925,-1.047480597830563,-1.381419318846618
-2.4136950627456413,-2.997556839535618,-2.1690304737824357
-1.7358990103965442,-0.03278145725985793,-2.818063407083963
-2.9476067894983125,-0.5258645698977786,-2.296809318450696
-1.2248130790644502,-3.340007978316063,-1.94871636490459
-2.967762739153252,-3.258712354965006,-2.511653273348636
-2.746083937928077,-1.279255434130738,-1.3349898162204519
-1.4456750768587956,-3.6868790176229194,-2.409045936918173
-2.9082095355956588,-1.661900550425591,-2.590133619255986
-1.57800261280898,-3.733588301403805,-2.6542719908619636
-1.0579077189797421,-3.114809574924518,-1.5474608171799462
-1.2566341337153855,-0.20624018669778943,-1.9067546270767615
-1.579676697358603,-2.005713450602542,-1.6080512020934195
-1.0829805139566664,-1.705148121944406,-2.41930979070811
-2.140373324226836,-2.9212668885589266,-2.199993828679684
-1.2542421713563854,-2.2397534193563593,-1.2087854542729677
-2.2880846640527706,-3.467990375709701,-2.339195080381405
-1.1404726941923065,-1.9335347587876655,-1.1941017268037821
-2.7024446875157926,-3.7841768288003816,-1.0674291191277565
-1.119941970143453,-3.807002525745321,-2.960931851649222
-1.3345676054335747,-1.2814090415722101,-2.0115391498174393
-1.3078903236070718,-3.7800735580912366,-1.7558879929932165
-2.7521539801521113,-1.9148646175235586,-2.974997201186758
-1.807026203316526,-2.935894023371183,-2.299671504760475
-2.9672150382481375,-3.249224227971737,-2.9439127829889675
-1.5576312678987865,-1.706724439781412,-1.7670170479998735
-2.984524971748192,-2.8141468106011005,-2.0736833950792555
-2.8303554451095327,-2.1744705010919785,-2.4741700208795203
-2.5490031790999526,-3.4441046451420236,-1.4448194469818592
-1.2497509322535507,-3.494057246187109,-1.9141711822309468
-2.2728473640247735,-3.5738842605800545,-2.3351455327377626
-1.920080129574883,-3.7137595502646708,-1.129394186151048
-1.8637935723620431,-1.785145125196939,-1.0483312698426328
-2.54907327938808,-0.9759780340496853,-2.635197882080538
-1.8557064640310776,-0.8305325112045754,-1.0432164100630188
-1.6780964099407936,-0.1686207674424023,-1.8247919626331293
-2.403509213365341,-3.3264305592364978,-1.2492831351179217
-2.162746282039948,-3.457524184444636,-2.417004947527353
-2.09382215090774,-2.1201808827592443,-2.906784520707462
-1.1352986769158369,-0.5559698973113996,-2.9748298374863165
-1.825012505040995,-0.9317229042947592,-2.138137829516566
-1.1034952567637175,-1.7672875671246704,-2.990902301497197
-1.8879304924697062,-3.3728669375690528,-2.1090371462023034
-1.9988771583017977,-2.4349497235771116,-1.5120595053723231
-2.9929355780675033,-1.1226168933810006,-1.6633314957015035
-2.0382219122500755,-2.506349260230552,-1.5360890041345892
-1.1450900028746964,-3.843522598893352,-1.810838243638116
-2.6032686219465617,-1.6644641557071949,-1.0920203718890924
-2.895817731221002,-1.1194616812282026,-2.5197946609916455
-2.186442213052263,-1.1409140334301733,-1.1923469832155913
-2.255207038811776,-3.340536645861087,-1.0365425601114007
-1.2856938842575127,-2.656033642384265,-2.9929038592737522
-2.946777768880081,-2.363310830812321,-2.137724428069612
-1.1597015404819901,-2.318074349091497,-1.6478555779048631
-1.6381940020100871,-3.5433660419812893,-1.7709288986406277
-1.1915480118715647,-2.4578738771945807,-1.021512623010019
-1.7849418583587224,-1.973471253824683,-1.679263835604398
-1.3760933751277513,-1.1577573115345139,-1.7651076299368598
-2.3289122529214277,-1.7222092446236,-1.147341360570689
-2.3008675439448805,-2.3802777584044037,-1.1957711346878184
-2.2202515393434155,-0.2896105489818641,-1.3316281396469491
-1.4904058368544335,-1.6076657334730475,-2.185250639847092
-2.2614176511427044,-0.10083646517834799,-1.605003596711305
-2.5155603870154657,-0.5304945745994405,-1.088000213818322
-1.1246632864188084,-1.3054955934995425,-2.5202278964013667
-1.1839778326739199,-0.4027460183011775,-2.024037532064056
-2.302405367826018,-0.03504128752669544,-1.4848576267874782
-1.7307238594839054,-3.116490932143422,-1.8044691883144657
-2.4523155766938487,-1.2357739203847835,-1.4325038322655297
-2.5877697425728616,-0.32488288856348424,-2.4719791022757454
-2.327320942006411,-3.930399359934137,-2.7383491174994754
-2.345800214768998,-0.8020440138696627,-2.0575747631526506
-1.2354477976067675,-3.6423882004359696,-1.6703707924002964
-1.3553923705525492,-0.33378281021914624,-1.804907180812284
-1.5807535428818043,-1.5519465063833868,-1.778649042906488
-1.0813095494822063,-3.351722245733685,-2.814676267373378
-2.154913293783884,-3.8423593297157863,-2.017362417267716
-2.5099339228886475,-0.6887140648951156,-2.595069929768763
-2.7652031256170213,-3.442032236220842,-1.5786439071914093
-2.3978932835976003,-0.2418345046127124,-1.8831616646603888
-2.7094725320590927,-3.636538973198999,-1.7984448956849919
-2.8156278052632597,-0.648086064827071,-1.808866210158038
-1.7941356065861536,-2.3058698270779603,-2.3875730422618044
-2.271625100487106,-0.5090586104395456,-2.8332615601143445
-1.8708593148077128,-0.9257030328702696,-2.1738218716498103
-2.617328558558887,-0.5884708705591954,-2.404517172211137
-1.6461882806944788,-2.1190316303590366,-1.8605850218114506
-2.56898910544868,-1.144926733085204,-2.55372450324653
-2.443952812511928,-2.725329629238278,-2.5525964053674013
-1.5164791557102464,-3.811306928746329,-2.349688018646428
-1.8805242087105762,-3.0703995565838045,-2.653351014113678
-2.3303271742659613,-3.9945534435789853,-2.1959784777350144
-1.9140224349096129,-2.547887376045944,-1.3519655982741188
-1.612030594283515,-2.024684652063865,-1.2959912316266935
-1.175735757044742,-3.922371649480763,-2.78350588084487
-1.8385735732110922,-3.969080739094213,-2.338539717833481
-2.5346272422142384,-1.2541457262707763,-1.773575829774885
-1.506604738447007,-3.5982566325127223,-2.5461029885998014
-1.444461964890585,-3.7046179750951143,-1.161046181097532
-2.599197370074692,-2.017607298779948,-1.5867332599104844
-1.358851560644228,-1.1273627616767579,-2.559420121985119
-2.070130290554347,-0.09133904546814708,-2.7866343639055158
-1.4404666758221096,-2.818410799341244,-2.8524482852547837
-2.525043560023468,-3.5299281040715735,-2.624051843759405
-2.3348394605646474,-3.725853663840144,-2.2089042361652726
-1.0926057614166944,-3.1699572136489946,-1.4984227075455328
-1.68436985370039,-3.599781371783166,-2.7180021036852953
-1.4542443389969164,-3.986462554396292,-2.927075581895401
-1.6232513135587419,-2.859705231359817,-1.216598850253796
-2.5913917643031343,-3.3431724653259494,-2.3292489493770843
-2.058622503106915,-3.927000391619477,-2.3392767957117404
-1.38207225457643,-2.5814720662113766,-1.9497851759228255
-1.6499297461812563,-0.6963368520332431,-2.1603405410931753
-2.9879442286934044,-2.7853539388803177,-2.4095397498147584
-2.8251845146943544,-1.1596010540256634,-1.5688413585629388
-2.306410559572881,-1.085060209392827,-1.4156627983706431
-1.1112689207628197,-3.8977741452159567,-1.3474406552288878
-2.017619038050833,-0.15285958826389878,-1.4599394468810238
-2.4596474651393327,-3.4439624280399563,-1.6191443733884114
-2.2791525610925802,-1.1301400427854595,-2.6139752871576385
-2.5786947448918736,-2.482227460189925,-1.5366992188157593
-2.157599885659975,-0.5271098290064411,-2.4505772364057616
-2.563929120901051,-0.020155886305060378,-1.5563649537340178
-1.3084949853941445,-3.2267081305688605,-2.804274193858773
-2.087458801916874,-0.7221775278074878,-2.153968051878623
-2.4403959631284593,-1.9779882096823629,-2.213963407111364
-1.1342167037170368,-0.1382757428680259,-2.9265977002961607
-2.3712972927416063,-1.3676440102670147,-1.2319608112452654
-1.1805706759133239,-1.6270483934148072,-1.6470397810637487
-2.913163818059446,-3.0819062095871903,-1.4434851339389372
-1.5857698794646478,-1.1251997427567195,-1.6685580089182832
-2.0322219219307476,-2.84719485175374,-2.313999679776323
-2.1115578773440395,-0.6169655490368569,-1.9864122481649484
-2.927353311296037,-0.0909453636065356,-2.742509442130725
-2.9186336190172377,-3.9688280740828996,-2.67676539925185
-2.334492765876118,-0.18146767242614992,-2.3518628350791824
-1.1057609201851335,-2.5661588273434717,-1.7126304102862866
-1.7646800457706178,-2.0467372819587615,-1.8008105128448324
-2.2622503166381462,-0.3036579452078838,-1.4494796978861608
-1.776045921890189,-0.8961692451791952,-1.9356856844580954
-2.587736927429545,-3.0271100475592663,-1.6486581518786483
-2.6698671143439254,-3.61258924781798,-2.9122324356770877
-2.276365468937283,-0.6350950890203708,-1.13340419282732
-1.2732932969191366,-1.0117594701070671,-1.3076258881109948
-1.9811965452995524,-0.5666423072936868,-1.126770706192578
-2.406196967886289,-2.463834686440093,-2.6527499309622122
-1.0994967498616985,-2.031545157467886,-2.708053325197805
-1.3680678206658803,-2.1399254881072185,-1.9195118096405652
-2.354052114395148,-2.7411133177947966,-1.3225629574294118
-1.0558035095440153,-2.657310487978001,-1.5232438064091998
-1.0252978043392185,-1.1254029632604667,-2.482748894856345
-2.182679732508444,-0.9877154930907892,-2.049501491110676
-1.6881537942230505,-0.5445840539614735,-2.529280383434567
-2.188693603097544,-0.6203918476975958,-1.8715395584039554
-2.485303788518858,-0.9842491579015125,-1.8649353953806256
-2.8346946480002635,-2.6688887285230436,-2.8337601714049994
-2.472779307764336,-1.1598146487075933,-1.734366669206579
-2.4570402929805093,-0.10950203156682958,-2.8059393860081867
-2.2027218406337212,-0.33504034051110665,-2.944190919205802
-2.6302279379493827,-0.11404909444137967,-1.2897409395300352
-1.0923631933710471,-3.8551699202251655,-2.503105685285363
-2.794240229237685,-1.5536034523700981,-2.0697993921229214
-1.749582933722397,-3.138628396105093,-1.1240781891749891
-2.116605223907559,-3.013761062403979,-1.7491731151083851
-2.152963902046814,-0.6237563674576974,-2.254788316771128
-2.256016434151441,-0.9992332808331166,-1.296316914863039
-1.2633705796551082,-2.68479032424952,-2.570850805785339
-2.4390460387063806,-1.920338545399468,-2.023475221747017
-2.9588476852127537,-3.2466804917569863,-1.8685225090755238
-1.1638059680817867,-3.9846911847995576,-1.828347293532187
-1.271039444852789,-0.4001675720832214,-2.9649802559188703
-2.446196419907994,-1.1614307224287796,-2.2460650615000057
-1.9530249033499631,-1.884726211998312,-1.9702144087525768
-2.7818236054713656,-3.78360454977751,-2.084305588778025
-2.8131458624778487,-2.316639290310757,-1.3561140795129554
-1.3250677831325819,-2.4798323959026596,-1.5541177449655839
-2.179468564861534,-3.313812013960147,-1.1356736200716933
-1.6765669195953858,-3.3752468847921557,-2.5524384192722556
-1.1135988830456944,-3.3072888110916656,-2.687566605293177
-2.509738816877076,-1.6126576169001599,-2.593561970556318
-2.973680337418277,-3.5011841926395335,-1.6872441771921323
-2.951703188432455,-3.0458029733464156,-2.4966318030416446
-1.5812286151936559,-0.2149112759841434,-1.6708613987641172
-1.1508962304130437,-3.122152862191896,-1.6332961515047717
-2.065339453974258,-0.9445736140060577,-2.8373473118201074
-2.2497817038049623,-1.607839961805865,-1.5199791495097514
-1.9142791506451915,-2.3473727622121894,-2.372071100570669
-1.2821663248371185,-1.6188564260092582,-2.55775917828392
-1.695692252414117,-3.4655198803133676,-2.4823761104192923
-2.5340402066357877,-2.063248448287616,-1.2074064186410363
-1.4508395909588527,-0.11146598436505872,-1.7897862756489205
-2.73077300532706,-2.2891167395665515,-1.7005737136708734
-2.668880058542574,-3.028475022316341,-2.5657526128669765
-1.7746354343820208,-0.2899724775089383,-2.2800737959427657
-2.5224331877147375,-1.556902720134754,-1.3790339562576144
-1.5904429048889388,-1.0885710222183542,-2.3196495398818238
-2.300962945216087,-1.8263815017236857,-1.3746986814503517
-2.4451520799852293,-3.955191959892236,-2.600030369745797
-1.0021631880544049,-0.9771995583261206,-1.5352487902489114
-2.918767750883081,-0.08521129631210655,-2.76637802813116
-1.7083549566337757,-1.1352495700119487,-1.3552292615881678
-2.9226008299755115,-0.7649705178449051,-1.654575972487957
-1.4795794841619918,-0.5936533217551911,-1.08536440151391
-2.5398200850034183,-0.003194949661496249,-2.9409557633254098
-2.820336265855272,-2.845546004119158,-2.7362858670884966
-1.7031005761819045,-2.2024632307247263,-2.9454507636095273
-1.5347975654141432,-1.8286956400045757,-2.9664994558137634
-1.6438093701623122,-3.390177222782359,-1.3078944618648611
-2.8961981057315853,-2.0760959976712634,-1.7371498602229942
-2.411386108891688,-2.8920764528287384,-1.7124721041883224
-2.09782330756025,-0.6522705978571421,-2.247744638320878
-2.425793420549007,-2.6117456091086595,-2.8934041485661646
-1.3789730874592583,-3.6732613515479056,-2.1376255768110273
-2.7377697896946063,-3.9596583243173606,-2.68526580432665
-1.7756412766188163,-0.557826049824464,-1.1308095177729331
-1.023570112745093,-0.5646171448021531,-1.24291001973702
-1.1948869228022623,-0.26364517770685536,-2.3981616370229304
-2.555685875029803,-3.7098178681071654,-2.9653448722168503
-2.9998362247726647,-2.420965403116611,-2.958148695986192
-1.0388053158760222,-2.287224225844214,-1.9423223972788635
-1.2345740306052448,-0.5564648636993272,-1.353690330583347
-1.1610550673447748,-2.9543184299578567,-2.3153549336319013
-2.168992898324733,-2.791182407987817,-1.6851097744383496
-1.510769075686538,-1.0690909232492904,-1.2840347687860438
-2.574337002861702,-3.2797900374606583,-1.7275543844001209
-2.215391857832145,-1.4585006552913895,-2.987740669112373
-1.2969038972256495,-1.031163060015745,-1.897718624454345
-2.7447755515639587,-3.2781861371329657,-2.6503008851877796
-1.212269264252722,-3.112220929146552,-1.3998722965166348
-2.0069840552497737,-1.20076300820809,-2.1752551475473014
-2.147808689254851,-0.8219827297770981,-2.121600919691894
-2.388707223813763,-0.18658069231007302,-2.3921813190095316
-1.1663024294544477,-2.765400410543249,-2.5408892203153366
-1.9647530784774219,-1.8054656635421735,-2.680091059710527
-1.3919472633330445,-3.412748977763866,-2.184648573510979
-1.2846964254379352,-2.252419362696444,-1.924834774711917
-1.1552352908169263,-2.95551726171322,-1.1981209199768263
-2.3932385319338474,-2.604799278457419,-2.1961074801022176
-2.320378291911311,-0.786537604973768,-2.3564934560942374
-1.8098522473047702,-0.7870811032074401,-1.3636503996870057
-2.117351729081058,-1.1819772829532056,-1.6076162863707504
-1.134314934760516,-3.5054427661117264,-2.7704315922896465
-2.204871896733027,-2.8638996850048226,-1.5853347879482245
-2.0444439032495794,-0.2428167094694822,-1.0975958187782155
-1.765627822893464,-2.1898953958894483,-2.0055829676368377
-2.1905210280525047,-1.5126209941683317,-2.0188285085066298
-1.015043128149787,-3.9267637799179145,-1.5528504310162892
-2.802297430882027,-1.9279198075696016,-2.6002860038779607
-2.558793364385595,-1.243428519311225,-2.265991977165206
-2.3546897377526994,-3.764472868668157,-2.3661574917345236
-2.7045543127207594,-3.5388618678194432,-1.0082335326555958
-2.4315615309368894,-2.5265228118001395,-2.6767635779577548
-1.4415094142810394,-0.22216494688627186,-2.6520911729451537
-1.9542159982295644,-3.0048079850196032,-2.078186412412792
-2.93209272774356,-3.9135893094354284,-2.4513762031358466
-1.0347548296256224,-0.7628861102708133,-1.2586453069794177
-1.7679870448667063,-0.603006491270448,-2.1270475653571896
-2.8821210427939583,-1.8532179962095117,-1.6302059476422297
-1.677662456406039,-0.42781112442191027,-1.363594318293763
-2.2432612586095324,-3.283863701357662,-2.4559080661118196
-2.7286534057498555,-2.901325507159113,-1.5345248663909044
-1.8726708142016144,-3.918201060381632,-2.201805660633203
-1.5458400989933394,-1.6662708729704323,-2.4909611736980266
-1.6577467910597565,-0.45044500617159944,-1.2197823677066355
-2.504973692999287,-1.5743949643231367,-1.869930448741309
-1.9502675570941845,-3.6788567185838117,-2.0073367476612174
-1.9246731118582614,-1.2271058244471282,-2.6387939964291363
-1.5663932717359264,-1.2962375486322908,-1.1967187582160077
-2.280265302117866,-3.3330231592807844,-1.724316087063205
-1.4045348096181216,-0.6840628364778301,-1.1047526765508737
-1.7441563022088,-0.3504385512753734,-2.911345278649131
-2.9233367859629227,-2.4332036569901456,-2.766750663919056
-1.9070419566618302,-2.7649435332121666,-1.2452918755068798
-1.2761758091364601,-1.7013049926251016,-2.0964716708702382
-1.8648516748894375,-0.10993123230834989,-2.066043962294585
-2.64834346908861,-1.1001475236817448,-2.5534377172259157
-1.979247259304832,-0.8397497902019935,-2.0231448571857635
-1.4861083269413977,-0.9256661121491616,-2.1229539923069396
-2.779789607109199,-0.17202417090989952,-1.5582855237886306
-1.3658018425195235,-0.735231201413125,-1.7290311158586047
-2.665036717673878,-2.9267430472132445,-1.4020295900305177
-1.931847015567871,-3.0747957919923814,-1.4337967885177043
-2.228513035126565,-3.0316374208618933,-2.1569646914540774
-2.5027524649772888,-3.1482603700428915,-2.397031759499218
-1.7051349739825354,-3.1669463674168625,-2.346413320480726
-2.9252157824551213,-0.2619904892144125,-1.0201186377357163
-1.4799083865127098,-0.19335022593647366,-2.181535782778571
-1.9461187225312582,-3.6405823824133083,-1.489067187150055
-1.2484575789122943,-3.74370260155057,-2.834515819819458
-1.9585633601573003,-0.571878717980046,-2.140869936374293
-2.9299336629319037,-1.7450325486851952,-2.342256489747238
-2.712798062235716,-3.15373472550107,-2.67957350327271
-1.4087908227183454,-2.152733256533048,-2.9522529273567515
-2.016047902284104,-3.70501480395726,-2.496102798857292
-2.116241457068283,-0.07113326613813475,-1.4133566981739523
-2.363130437245013,-3.4401942720379743,-2.405016529720945
-2.430901603465739,-0.7737866598453755,-1.253964951485785
-1.0682273750204923,-0.16728072598057064,-1.842304623707035
-2.1340613384331446,-1.155955549231058,-1.3905286196538111
-1.2319939346499662,-3.6457961026884083,-1.0012748156150995
-1.7036737535884514,-1.6400600785154729,-1.7188735379318987
-1.2831447074526803,-3.483134000338278,-2.3182407845865622
-1.2951009104520248,-0.5321998689001064,-2.3799511127294584
-1.087375944420597,-1.3086945751764563,-1.0546247129388908
-1.604115527593812,-0.2317754038677533,-1.570865008841657
-1.3892061292112676,-3.416456572326237,-1.9949940878001873
-1.533744209194837,-2.1852625682092515,-2.571847673997206
-1.789546328108439,-1.8257475041001494,-2.0202088357384937
-1.5652917322165365,-3.5666478796342433,-1.4757201559844006
-1.5684991771503343,-1.2923772322515337,-1.0505664689405756
-2.9181844139274045,-1.734257540313834,-1.6543803642293937
-1.967778328936995,-2.607831764449953,-2.950728472626146
-1.4146972785470509,-2.348330469586143,-2.0696517165048567
-2.514075626979992,-0.8150843295839825,-1.3446455728925124
-2.069704027051973,-2.57434710877212,-1.978965089061323
-2.1300285780792096,-0.10946741954128258,-2.311785174246902
-2.194425661431512,-0.3272614657902366,-1.2777901333760844
-2.756320944465177,-3.6876555328380345,-1.8448162286238308
-1.9485769174597043,-0.5903326944138017,-1.9912174991496008
-2.107503269459337,-1.304884262085928,-2.0274244971304425
-1.6732144854447186,-3.7787220120578526,-1.6370118927802257
-1.9011738824350968,-0.1785354527286631,-2.0894344788061994
-2.9449141406956936,-0.6660520783988528,-1.8657603357867258
-2.9361640247884973,-0.6692641469741742,-2.422969026718054
-1.5972803979635346,-0.3374200315539686,-2.656269271115483
-1.584837762881288,-0.3156627959114826,-1.3598934185559572
-1.0801217325510664,-3.123681874142336,-2.3616048839360704
-1.2465906369923774,-0.2505495617944984,-2.748670815019265
-2.063880665225488,-3.8082794824635164,-2.631475936369245
-1.7481869766296623,-0.4742707782500877,-2.1746759863803597
-2.085636544607468,-2.1731499103294576,-2.4291462294066477
-2.5541075266644944,-0.6753290065343398,-1.6098345445504676
-2.2466460054873147,-2.907834805824143,-2.300198249494252
-2.792231535070668,-0.9805477914303506,-1.828299957754583
-1.666945762010015,-0.7812003765950437,-2.6657788680920826
-2.615939712572065,-3.6762505136650674,-2.7268297158908124
-2.049064425017767,-0.34234215698943204,-1.1873785305838425
-1.065126793957245,-0.7309976101097777,-1.2708276319044283
-2.9366621387038254,-1.6181518807259616,-1.204531628857663
-2.6965400998875757,-1.168282400197961,-2.0131381129942456
-2.402841631256564,-2.6167188669932555,-2.85912588670345
-1.1163860711674911,-2.117758549325057,-2.3796256166654364
-1.1823164077433388,-3.410548664128235,-1.2371960114759253
-2.6759983183760787,-2.0003708564435287,-2.154991655655988
-1.0377644534450443,-0.8687146154254823,-2.346265245013689
-1.4985049497411582,-1.7664143261871614,-2.4090062398959344
-1.9200458341348046,-3.4660624160401032,-1.901113048684159
-1.136594234077028,-0.6817920323876074,-2.095445578640547
-1.238785715646814,-1.048052929886277,-2.2502207739921647
-2.2173670149654856,-3.8505800985560654,-2.1539128838960737
-1.6873136080411366,-0.7804732755415182,-2.4666706024137555
-1.7052297088533128,-0.5390220587612116,-2.6163543369484907
-2.346063628354071,-1.9504817462296131,-2.5963033403127955
-2.641219650690668,-2.4856247506941673,-2.923311176096127
-2.0663802450760427,-3.666083632747155,-1.1087921717751699
-2.473437927386682,-0.686896086769035,-1.0869920379267881
-2.289869747267195,-3.9853645437420977,-2.7942281610982924
-1.0917120622030807,-2.6260532162956527,-2.852373989231266
-2.0777242589356613,-2.689059173621661,-2.1674667782548536
-1.6302170690468203,-0.3519506862508117,-1.472110982980719
-2.327540210464692,-2.2028357285019218,-1.347928061729402
-1.0082778430984558,-0.44536984638417376,-2.95722060301601
-1.6824647879166656,-3.64281906114422,-2.4333952451837906
-2.607981068508832,-0.6156847300868198,-1.9293875111744738
-2.803632002757066,-1.5504865816253308,-2.7298087541897225
-1.113638857645834,-1.8483236720816172,-1.0600203042798326
-1.110444335578745,-2.776176681166931,-2.4974103723944703
-1.7573432491441376,-2.038522891456425,-1.9372553483000927
-2.9660170013075136,-2.906182074489372,-2.7806925409839316
-2.548930231447024,-2.1767281726716354,-2.3221880051224186
-1.3974464317629485,-0.924732232852358,-2.7537774856897874
-1.2490803413739255,-1.4980380769807766,-1.1763063385980885
-2.0920203711746925,-1.2778622140374014,-1.1002768397225482
-2.268958763445111,-0.431132958157475,-1.9173589279633538
-2.4515499770839098,-3.7882426091484604,-2.300303939276193
-2.76605897246725,-3.204227849555961,-2.353016817155373
-2.768510928101806,-1.103224238070751,-1.1526436889636484
-1.094794603184072,-2.3670571585086515,-1.7613236193389517
-1.3827477705489994,-1.3991470150650955,-2.1808149133993515
-2.6704412788210137,-0.4089395516914638,-1.4569038686820934
-2.5858999002321337,-1.0559862935342141,-1.9294208494986995
-1.6888968986791464,-0.26753090434334803,-2.564055683824664
-1.4706715696327384,-3.3922335807547834,-2.5230181168782577
-1.3793703094791048,-0.9734828119497112,-2.4495932282883808
-2.6733246173272343,-1.1894919562453676,-2.967984810785296
-1.0317434239526055,-3.969789047046646,-2.4883729866420556
-2.5443958683699472,-3.828098402142098,-1.7773386655789565
-1.8211691337386053,-3.8649216556675734,-1.493230858823532
-1.82476848936238,-1.8895304080350495,-2.7731388347620327
-1.0652762287146398,-0.8939608035641933,-1.0555087712073694
-1.684665113849684,-2.378569601206511,-2.0225006786006174
-1.8301914673570088,-3.987080446025774,-2.875515863406164
-1.9624548426720465,-3.3004212426115878,-1.1200473459901639
-1.4706849238049398,-0.2059803652186476,-2.4566547196937893
-2.78788947882475,-3.0213502160256,-2.3805747014419687
-2.995816197633545,-0.586457571448713,-2.0813080332410325
-1.0950222644210728,-2.51844959012615,-2.3512554073322818
-2.002684640999629,-1.9148126861525983,-2.644643758862257
-2.3433292423292187,-2.041069922503213,-2.745742392999282
-2.2638934798337886,-3.4620769841564223,-1.9806299130999991
-1.3923133677621482,-2.535347877274988,-2.8589398614931847
-2.2352595751624964,-0.001422996753896122,-1.5803316664297702
-1.4596616520126142,-1.743493969473092,-2.316227459946923
-2.119075995824292,-2.1390589375391746,-1.0147516622692527
-1.3118450744991172,-1.8034260361345562,-2.874293201342753
-2.847591871901295,-2.9479637058865653,-2.9028564826486294
-2.0377433448397273,-1.7345351405086573,-2.496381925571973
-2.0663005795732223,-1.0867205362357168,-2.2967777685401884
-2.4713440413758843,-3.5772642620179105,-1.3735066549947967
-1.112770510110685,-2.8862013510043902,-1.3406522993197416
-1.1899430842818985,-3.1643108612291395,-1.5528281997196345
-2.112807396108185,-1.0204830733784593,-1.3485456348150746
-2.8056807885690613,-0.257333689089295,-1.5433142212418256
-2.5864337022065813,-2.301251212694752,-1.2539929876443157
-2.4570163270730836,-1.467016261739528,-2.0709735938600606
-2.0315604529571214,-3.8751513588304523,-2.447123657905683
-2.3232457775625437,-3.4740495598206755,-1.7410833654211013
-1.4517278603990336,-2.46219774523932,-2.2708620914655535
-2.0479467847298327,-1.3424317418515814,-2.864713632793573
-1.259258991113093,-1.438685979076023,-1.2883277685074332
-1.008436499729439,-3.2313740299994484,-1.3318081672670314
-2.5603280999974256,-3.4684153143829066,-2.0073745330082873
-1.7766572456497944,-0.247713412739202,-2.0679677835664814
-1.3049953789437132,-2.578561120238293,-2.7622653774850754
-1.1095267301098315,-2.1582719276632756,-2.7482049013756775
-2.419827149903239,-3.6185611244090055,-1.4044828444102946
-1.5459145121072408,-0.359061094692684,-1.2919801466984928
-2.9699677031658087,-1.3279261423230242,-2.9886369542536793
-1.2417151232209331,-1.9601161540563226,-1.432197132894415
-2.8721229017707843,-2.274937042728139,-1.9280596488144148
-1.5332092026603619,-3.7941379530886374,-2.1252974756582894
-1.0107792262646815,-3.1428231676487592,-2.049014384472163
-1.9976204384146414,-0.5756832103265825,-1.5739007755977301
-2.581332018533261,-1.5111823488554683,-2.995219575310971
-1.8107128342269505,-3.2244995188868546,-2.8746149289656584
-1.7517000405242185,-3.24318712973079,-1.3173296085173674
-1.6638545253427057,-2.5994979498337907,-1.00469782341568
-2.6547765156541976,-1.5388138466772494,-2.516830465157063
-1.202574615135184,-1.8303389612614738,-2.1997651251242276
-1.7580172649990429,-1.8918604991545234,-1.596104415907912
-2.9128625908945263,-0.5242768007538539,-1.6704326613322225
-1.6319178705859876,-0.5549941735033879,-1.4325330724411012
-2.607831906742,-0.6192059887821726,-1.1717566100577952
-2.945318437361091,-1.1901932649621578,-2.471859778403058
-1.8980934495334891,-2.430199145936615,-1.945848986167853
-1.373372722838007,-2.922622919538486,-2.7190120227168952
-1.2801177034347062,-0.17722944196940515,-1.0593774780267504
-2.7929581497016844,-3.818860148584656,-1.4852005931802112
-1.6739144286330474,-1.526467706822896,-2.625298208373947
-1.57984955108406,-0.615503510266592,-1.5202937146776896
-2.4109660118570213,-2.912348360149311,-1.4023324470327783
-1.057272002630493,-0.08501571308612244,-2.727102883024487
-2.4426250598639063,-0.45630411223179834,-2.0015388883943994
-2.8600356212302405,-3.2026876460134597,-1.3545249088633504
-1.9614392777143472,-2.918762732266644,-2.3056591454503126
-1.6113702276472843,-0.41078835956481496,-2.899050122853863
-2.51068042587473,-3.562992826448682,-2.311837585055173
-2.322835595540086,-3.246091313513214,-1.4360412959411775
-1.8727440339368606,-1.5658023633935176,-2.7992010879341933
-1.2266436684209796,-3.411942619878885,-2.37950489206365
-1.5053481881251711,-1.709819316406537,-1.2928331981418564
-2.580816081770439,-1.6978191471393753,-2.6761293582297747
-2.496445858557794,-1.61458239741262,-2.222696016532877
-1.952238621665013,-2.9971944352988564,-1.8916298430504044
-1.4620826100702717,-0.715676532961171,-2.6441215568972574
-1.7624764436145262,-0.11822551126666658,-1.5986917389679072
-1.9973514673981685,-2.8884559101057223,-1.4373861969358892
-1.8057493203195156,-0.5380267233229423,-1.7308325644650364
-1.4878799417406787,-2.827791840790916,-1.2763846772832586
-1.9258404123993118,-2.604291544285545,-2.7385976702795274
-1.2044945115919259,-0.8582262149800979,-2.993410031981897
-1.1058650190194437,-3.4506796071442616,-2.4661194205499655
-1.1692909867490167,-3.7527697082636142,-1.3199289310248044
-1.4909633198799561,-2.4534695991272275,-2.7460537477714175
-2.507357992017554,-3.481267117742187,-1.4723151539236787
-2.229457107982225,-3.681788978276985,-1.1413987338334175
-2.4400000978672987,-1.6450879191376857,-1.878455748604793
-1.6846795178817904,-3.2641010182791703,-1.2339213413488643
-2.351556751116628,-2.7963948420493527,-2.503790913676972
-1.4912167901913278,-1.0836457337084648,-1.5543564351856922
-2.7729818431814355,-3.6280171122098324,-1.4397340701249781
-1.4492704743146168,-0.024127062077334838,-2.0250106015021734
-1.8281960506933292,-2.7649733278220436,-1.7944939597059697
-1.3292226257069997,-1.817482992602272,-2.8222104994062485
-2.138248695738576,-0.8326020743848508,-2.447326694373352
-1.7500710935822932,-3.051974010576689,-2.84641122317828
-1.8911757368689717,-2.6353449730037175,-2.52111809641337
-1.0486574672938371,-3.174924931463205,-1.2148563825031202
-1.48905121716378,-2.485686752971363,-2.9383082133880802
-1.910373501184767,-1.060253310005772,-2.0063395486731634
-2.651935818922559,-1.1422924247620103,-1.954668019167677
-1.1917715662997335,-3.2719232852074267,-2.4284550225011765
-2.5883244346333796,-2.092304151719717,-1.4367531638311535
-1.6999134864196865,-1.2471729333520103,-1.8209124150148834
-1.1270562940506113,-1.04740042191183,-2.60951007342698
-2.552840739576617,-1.4558521126645476,-2.057627329516598
-2.5481529185271694,-3.2207091512123123,-2.953263123928672
-1.2963621791559505,-0.5276837783618942,-2.964186587019337
-1.3446899480622305,-2.8462089034490123,-1.5302278188156075
-2.296593294044591,-2.520312787993211,-2.6554720417779696
-2.4698074226363103,-1.7660087922804086,-1.0630357575472085
-2.7452230554764747,-0.5624859803444395,-2.28357935538706
-1.0241277937997113,-1.401398751735388,-1.6025678431765198
-1.3293137982394672,-1.1932491820843478,-2.0750479901523313
-1.2012167901219264,-3.1345268812524334,-2.1810755010730984
-1.9726413479791858,-2.5897527034133825,-1.664128634310775
-2.771230335427452,-3.452426327833765,-1.747885528392666
-2.894839323099381,-1.0523863347700502,-1.2462735406294994
-2.3388357943701013,-0.2049687737564656,-2.831157312394304
-1.1593391340263202,-1.0605269540525013,-1.9868904780143508
-1.1048363297251058,-3.5012851358538875,-1.784629939717614
-1.3176722684617281,-1.2265385905551138,-1.7002989483636852
-2.682641713058919,-2.2670992354982875,-1.749039883931041
-2.1601536577778417,-3.6315432720058545,-2.2643124652437954
-2.5075141625997475,-0.0021033068126086185,-2.9378458186091363
-2.5893004505432695,-1.1034988370503958,-1.5730071915751507
-1.6303482997787004,-1.510248122973111,-2.912321150196849
-2.027776664560467,-0.5076085065246998,-2.058571194111776
-2.3501807100483485,-2.698635622077038,-1.5617536014889781
-2.7995710753303564,-1.3326196387311358,-2.452976807144715
-1.9104732580167414,-2.1268782701351983,-2.94439884809921
-2.3059496938662063,-3.504200929079128,-2.8145590383714127
-2.217808387699081,-1.8357211451153455,-2.7217878322438773
-2.3789825164105878,-1.472362049116132,-1.6698038819721301
2.7858767423914466,1.7743904098390344,1.9464998077406483
1.1445573398015179,2.1117191691554518,1.250543114087287
0.9074058142568124,1.028287611194086,1.1505663495602279
2.205259076331565,2.695293990446955,2.3296769295165154
2.8778758791422523,2.843839723257812,2.6758163279790788
1.6924258404978438,2.1010593809174063,2.848188090839951
3.923056793538462,1.5360422335692323,1.7763717071872944
2.739318954339453,2.9804780004281577,2.876631669426185
1.9237276059374437,1.7663880600128368,2.6396069441953705
1.568470072776602,2.3873107885809937,1.8480833367266347
1.3727120646034776,2.379905094490139,1.8126400657417443
2.9161988295361665,1.86861812931834,1.666957605331779
1.7542889787184976,1.3983163146668451,1.1382332120763328
0.2387115864382734,2.933158751774783,1.019452271797061
1.5921770213217257,1.1273817186397415,1.4909973269763732
2.951981622928143,1.9702987756460935,1.5092346980920384
0.7299669218139999,1.4414614195805586,2.4593220918254244
0.7018070245899701,1.5879482644556229,1.3147413546559872
2.1262054953673535,2.6570546443890612,2.3848432679398797
2.1273103483874642,1.7345311259658351,2.4606705999101486
2.5376038342052842,1.1666965394176958,1.9194343218219065
3.3977271763111583,1.3926180102439705,1.2353070087749227
2.897821299442541,2.7207468205303624,2.439019223923254
2.4440940427103315,2.95405770012034,2.8272945025736886
2.8897735302808862,1.5359643212327474,1.732358908354302
1.2918356554127128,2.350817975406379,2.5174795546040527
1.4471546224892564,1.1623979949995815,2.483837435934121
0.9130529235158225,2.446931183662697,1.1080843350392229
1.1748561855553175,1.8328732248009183,1.1114153311865718
2.523904495417951,2.8363198365757833,2.3532354817734786
0.3684197597803007,1.6230723399066809,2.661815332831362
1.734804690718113,2.88293399481105,2.841123806635037
1.7234510533185752,2.006494854165009,1.2833262465148216
1.9747403906012249,1.6977858480674985,2.1667804163871995
1.703321161183312,2.294039190273417,1.5641061746444713
1.2490448918898611,1.4994924066222521,1.4454017341660295
1.7054052278512328,1.4595271946990303,2.4767771050573595
3.573556652468539,1.3926928892495232,1.8263837566442152
3.7766400728155185,2.919799127651621,1.875384217337397
2.0073467035373462,1.9858274552371469,2.688802522013231
2.4958118071684448,2.5032299257299866,1.4773694896209089
0.4624735803171829,1.9479837626613232,2.056684755479472
1.2691419272812836,2.175080320134234,2.6554207612763774
1.6593048478145271,2.1682779622719974,1.2637776065274875
3.4652366315334637,2.9597726158347752,2.192365942940314
1.0018214615860268,2.336866248358244,2.674380174931242
1.9321370570508174,1.4795389431428807,2.528931085020239
3.94223914244282,1.0303953183275498,2.7689642207412533
2.0779404770392373,1.4373642793494257,1.0651283980031365
2.4515781030518706,1.9110392845959134,2.382912290621694
0.48251466396129494,1.7868406734529614,1.4078730154131063
3.305363202027333,2.624652478632698,2.114037456159343
2.4122405136437095,2.5711135100025047,2.5495577975228443
2.1802720258658597,1.178191935826832,1.8403829301749475
1.3710553350972337,2.904021449938388,2.408407421404977
1.2164831561087364,2.0549133547662555,2.680821396052375
1.6680888440988064,2.192807925719627,2.891437379728689
2.7252030631711865,1.8101135426146686,2.0901862103686057
3.5018273671806996,2.2990019113910076,1.6321998610002935
2.0416893499120445,2.74265260699893,1.780052306693253
2.677255131849089,2.3478719336389986,2.731193868246817
2.3437462102488515,2.940197087639006,1.480633261351596
2.4996140083823994,2.40224449932404,2.7665288010671807
2.6987562039512993,2.643441472891953,1.115672487044267
3.369369750481029,1.0900791676376689,2.9426509966843195
0.3327799533297551,2.3453970279951006,1.2382144463187297
3.054731365773353,2.3095052889078325,2.766778112998294
0.974665498147496,1.2034921019632474,2.0815433561305876
0.7768918423150835,2.6847749921272204,2.122655495367656
2.2898278299658923,2.2283448078022614,2.961311908094183
0.38285006644954844,1.196656180769866,2.9027242200311916
3.5413073051005584,2.188934237445367,2.5972162930331097
2.508995888205075,1.9568316966579486,2.303166895420008
2.893665432759819,1.4665871397756107,2.3554027734273095
0.06451682678006732,1.0395121811593417,1.2669370560937012
2.37772751778017,1.7311345623715235,1.9348106549079418
2.227140769577155,2.2397021549401526,1.8583316011033197
0.635838576578891,1.6585582669745855,1.2038182499394745
0.6122820604990924,1.6145093050311443,1.0226568750472909
2.7821181150836436,2.5022424842472986,1.0325366152817284
1.2750657055275054,2.517249295111626,2.47493315360882
2.7678811821272786,2.43753167095835,1.8949120244334328
2.2175329988710883,1.2023639082103776,1.9811492351763762
1.5558022964925784,2.032331913943887,1.5071132193130135
3.7005299584559443,2.115597320730437,2.0816766658410453
3.366679987650865,2.4896090538807885,1.2544141174065906
1.429590266732705,2.806355444521735,1.3270994510061087
0.1743658551961622,1.738077732076204,2.6352880662702685
1.2190722936443898,1.857326944678159,1.0548587061626742
1.592742727671924,2.46553498479726,2.8320270246601074
2.819835321805449,2.3252728373404143,1.6763758482852655
3.9814339281360698,2.115739801836783,2.864316779312592
1.4236594628698382,1.700279264005905,1.1273975952990662
3.050191255141735,1.390704693114217,1.6254001757838579
2.3727076662488846,1.367614744015528,2.186337886968304
2.7668071948007085,1.1631665808997453,2.875609683137392
0.6045098093923209,1.1624016997721776,1.1800070673283527
1.5955051709046262,2.691596447267491,2.6183860904213505
0.9634235908944979,1.7673454983477148,2.2260478426062997
1.3738240561932997,1.121479245896897,2.280016108900447
2.0525126167960086,2.7928513430704793,2.9846182026086856
2.6664982006562865,1.446540948707129,1.6421656281180905
0.4236339402272553,1.536248860622569,1.720375942439858
0.523579802656323,1.3889956790888514,2.0717077504837036
1.2879224258732322,2.9350021197655862,2.2501676963357595
2.646257346664975,1.2250801723366092,1.6234922395241187
3.3860249010828882,2.444326484329353,2.4126470716808717
2.2130293791868536,2.8641774860878213,1.164249198246131
3.417809950098019,2.3360025906446085,1.3896095700968916
1.5393512451030444,2.717453218905329,1.026503721966128
1.267151588473519,1.4848942038265034,2.499240224407714
1.417058702366714,2.3478559571877167,2.8957962093768295
0.6843273168203963,2.401742679933635,2.537422003725884
3.3164505380075617,1.9166650253459516,1.3457422285067044
1.3546833836573065,2.741091241227069,1.5677157259787826
2.2094803011762925,2.3887722003371508,2.3423565564430477
2.314205872435332,2.7897555822776656,1.6188932485404282
2.086132237589329,2.506408706546959,1.8136369129941223
0.010752258297282768,2.040580842626995,1.5116079303423546
3.95338167713128,1.9973764319912863,2.0684535040894048
3.6213663026464396,1.9074552534001012,2.7389525821233907
0.830543444785298,1.0432937257061317,1.4793856607608773
1.1699576511696992,2.0702828000304336,2.0590744663188865
2.0800406122899338,1.8459464674285277,2.330007298213543
3.6076454906426823,1.315067192205273,1.0131516506362852
3.934523539646893,1.2381393967738614,1.5059455236228505
1.0301682566163324,1.8987037566273228,2.1345348449446053
2.2574361716991267,1.079826107092499,2.6503990094653505
3.2278747365487166,2.9731597782009063,1.4559229541385066
1.5774802158110992,1.7562418626138472,2.797695472642602
2.9242921433782283,1.764218385902263,2.6491309100433185
0.6442760577168594,1.1022526010733735,1.7881495923290645
2.4027942713343595,1.8533446679052772,2.6269498731535488
3.4634578332130586,1.0314908746264835,2.698497148573345
3.9340864368142223,1.060187266665658,1.5633204443948119
0.3174631615120629,1.6781984663248093,1.2303026612008838
1.713389098803797,2.641937895491755,1.201837704749134
0.8181714381857108,1.917642159865193,2.761500266282222
1.8025459620749391,1.0296811584119754,1.988804430478113
2.191054290515416,1.3264400633791498,2.3429052707337563
0.37330684147928306,2.4798454439035957,1.7801158490507087
1.1874431019227178,2.476587474289436,2.560504331742991
3.71033696060859,2.509045812809827,2.648426375143416
2.2760149257207813,1.7033387523670704,2.7850714197465507
1.8296479900944478,1.7045538940779568,2.2835396256181895
3.014103963192458,2.604151334077966,2.7842408070466202
2.967448607368149,1.7962757709783301,2.73370620570072
0.19431613137707515,2.454382010121126,1.5432874569641275
2.834789581770984,2.16224601776236,2.17709576896228
3.3569733912203343,1.7286833591494184,1.5243174512154167
0.6637515368278155,1.1600130400102582,2.275638314659966
3.1239917519998293,1.2322507529467217,2.794295036386772
1.1461464669164076,2.7791174466178084,1.9662792041842296
1.2258790133182291,1.9046810200447697,2.649120339926835
2.661045861398732,2.9880090778688704,1.0342090565771151
0.445568686430863,1.7277938969870112,2.7342868543038934
2.6594897952131773,1.4999086093398655,2.8884063276671066
3.5514271707048906,1.7010786396219755,1.626812834953666
2.7852450729416254,1.6861721939279852,2.4192910252602235
1.7613115066616363,2.274713463258929,2.6384618767890085
1.7528575375088988,1.0254751273678122,1.2485359374997187
3.060384380957226,2.526537274534303,1.8288918637811333
2.2625680049035313,1.8328292503940902,1.4131668133481403
0.3396166527672704,1.8644783873393038,2.4931177953539523
2.3306843514456186,1.9622300302614732,1.8118296548006758
3.2593748115736387,1.8984248975924365,1.0002718842944154
1.34826553379044,1.9949417981207902,1.525267326424297
3.710306318301558,1.6918086207150493,1.4066048996322469
3.0028680013726716,1.906692273780555,1.149536495798701
2.296255300599858,1.8093026713619293,2.0616343739031286
3.0065759551716735,2.0364854359541575,1.6738896993487222
0.31659584295282084,2.2465381697122555,1.4378627981452743
3.4375563027224456,1.48208121443505,2.8733329979727498
3.2860164528022318,2.0168742976162886,1.6475562541080269
3.6394866384408355,2.189243838421808,1.2554051607981978
0.51452479003752,1.0338966291802107,2.046356642055261
0.32712034837594084,2.0409874773145567,2.784672323175833
0.5536622911263591,1.4785864920531613,2.555915651655285
1.5975148404112005,1.8090770958892952,1.2963784323851237
1.6972274443239677,2.653060324714766,1.5979610703282388
2.2488735149236225,1.6524711935209244,1.4743372726424584
0.4889741985300202,1.9664338474982441,2.855271991064312
0.8055980055254834,1.0494823073202308,1.5585734891150764
3.246577393136086,1.6175017563304408,1.3387635858843754
1.8719502962269976,2.279442186172164,1.9102343188254225
3.2317528379344407,1.6303235491188155,2.2235621561537804
0.02970551417845213,1.4115950123635932,1.3170244621941392
2.206370903929622,1.5813113597793003,1.049021210513233
3.7277285923067125,2.9087566136178866,1.1895300323741282
2.3287018365834804,1.1736036445045563,2.301895466431539
0.8243829097810966,1.9267155271494292,1.3268967154564895
2.8710302491182302,1.116773807317249,1.5176868404500108
1.5159433987956707,2.0773164825776385,2.3514374967529252
2.6735357890378393,1.2920714739688954,2.7427242058740884
0.11727889157508509,2.2681696104943474,2.905343441563507
2.5436014374054245,1.5287949249802424,1.7671655890095321
0.128791739751696,2.381830777844525,1.4527429442809314
2.979122620567064,1.694292119337458,2.4782645483287546
1.8916520089538205,1.008336977215152,2.424847817369405
0.48701742189221475,1.5897894180364898,2.9488451734971433
2.170543703154024,1.1637888781020977,1.19577607062513
0.2670977729000188,1.9900792631794617,2.756288697391749
2.6134594854121627,1.577780137308324,1.3513204808302695
3.9843453094713017,2.2799837375242573,2.494670789980732
3.077589348295849,1.9998718948627823,2.9908505945032697
2.295096454635298,1.0720897051917346,1.4635568856174912
0.41054103684318344,1.6372678011407937,2.484359591301023
2.799336299091659,1.9781183814791181,2.548315047224288
2.6446714693117244,2.1444076851686193,1.561918734502546
0.19638852249110528,1.209742587856001,2.8424609427441294
3.1691972073783625,2.299942580853792,1.139328012847075
2.0748663635620206,1.687395355446522,1.4577599187414987
1.7034707767996764,1.3658425879073595,1.5891588075525984
3.152748694405862,2.6106533765580666,1.180106877186676
1.6462768928353486,1.137246773746273,1.490504368724516
1.9241051020206141,2.859539706674594,2.574326779571539
0.7265153706952985,2.412532320260791,1.5344670871123427
1.2852755980257147,1.9511820405846974,2.013231409406556
3.382131986250275,1.0223217697682385,1.270707818456479
0.7476149957068614,1.780250622092796,2.18337420735084
1.6691642436133765,2.291596827056491,2.221740697617968
3.9561380295811976,2.7178261960825774,1.4365217412319775
0.9463992468220774,2.235527988218851,1.1493025446495322
3.6673293317553157,1.7954148425015706,2.4035694319790295
3.673589871222532,1.8947187734896072,2.266872569891542
0.3651853688128073,2.746590653706569,1.964500285948648
1.854610899542064,1.7027146190135933,2.790845161861534
2.0088653412911484,1.1303151972436143,2.9545387507591805
1.2546758002085099,1.8853451136998456,2.4647882642864225
0.18935814895094794,2.996918252019415,2.924546716648135
0.9667425489815913,1.7595457253456357,1.294289218766192
0.3821185662214437,1.3861094333781514,1.3190914169505923
0.9529996228496471,1.090260273195614,2.998133875965456
3.2311643451606242,1.3419377652107227,1.7530766703068945
3.5799131515440465,1.6481288087390396,2.118920195933474
0.1728915683185872,2.148556670924183,2.8894644271123036
1.207787345050876,2.331176831512567,2.207949465756437
3.9223287943771505,1.0856378483904232,2.740083277371723
2.1580192902149413,2.8723602063876728,2.414592833719035
2.505237446839425,1.4712766897225038,2.711753795985509
0.022181633627618158,1.298124015336861,1.940594174979833
1.939637773770237,2.061658868124579,2.8987604538726703
3.95331413848955,2.3551716380085934,1.2505223367967297
1.5007421099311924,1.614505578719796,2.6153422805847577
0.3881526345554449,2.3388824374893797,1.4705844510822532
1.8476350462737936,1.5885877060296476,2.237628186366419
3.852017863969033,2.8043430403224114,2.5525244434027012
1.3673224542600657,2.761389474342468,2.4020018622929493
3.1956909328600527,1.1423887534820356,1.8792111758823664
3.1953853248522477,1.3008050403920792,2.8606964047413515
0.8329931869557465,2.3961173722944404,1.3236586198246767
1.773470807204847,1.0002402029779498,2.44001649291984
2.8624051006172193,2.6436272300534194,1.5063608905160988
1.6420791416557114,1.7124796249305732,2.3759285327942212
0.7640278214816845,2.4892397895090013,1.3812427758879327
3.869977227225674,1.0884744137089897,1.0955620093463219
2.6030014659051735,1.4185288587961449,2.5695847467807447
3.4618394060915976,1.1416103591903972,2.634892510218915
0.10096943119857471,1.3596475902090386,1.3248596784335855
1.067623259164539,1.7688424645495668,2.6141990781779
2.0082844013069714,1.9831036220079075,1.656084082523986
0.2697945405202069,2.832182720283851,2.1422948170251974
3.972133044379167,2.254348039972057,2.2037640292797054
0.9458495847921156,2.4129596279625636,2.8272648218870238
1.4971687293817921,1.1642213533450867,2.1404610413421055
0.856047659633385,1.573574176266847,2.7379130147265025
0.42178346442180326,2.983463825906175,1.843040565366953
0.9299191424169431,2.1208446032883828,2.3063446203924496
1.2024405420128188,2.5756348668010056,1.382932167627528
2.5377690715977566,1.0649649320128132,2.424428609180095
1.124939125811634,1.1681524282665383,2.855509151874858
1.449107043906305,1.218466396203351,1.8543527389764825
0.02377137489411929,1.0305716886775504,2.294579093803836
1.4628765037094582,2.8439579373146677,2.088595947011112
2.1355439267931784,1.5072705723462365,1.0290018014266054
0.6480633482021236,2.9931382622632787,2.8155659163008
2.3897324334415,2.4762597010847185,2.6185806811533823
1.1726098745087175,1.501221580232191,1.8309695262175643
2.5282019792069117,2.983609271370071,1.181936592916037
0.1047864210033751,2.7370677150511105,1.7031906815493039
3.5503738418710995,1.3299960108419684,2.05128363509541
0.06447452169349566,1.370643822517497,1.4883467266513641
0.5078321241438455,2.360372282934631,2.665010183779548
3.108649846282409,1.1565604911885403,1.5909540630818266
0.1835809288086825,2.1690497247872047,1.4098663807440142
2.84399477438204,1.1332058492980974,1.3457280091380364
3.8841845620405158,1.442595212537741,2.452539182820054
3.486731732569229,2.8968799066511055,2.0932453729232385
2.840646605282794,1.997143274698729,2.3919487979065805
3.834038972086667,2.147425939027797,1.5806902092918904
1.7192533515463277,1.5393665557205367,1.8000061713203162
3.4915156572872292,1.8801232903218204,2.7912145457270325
1.4238306718944584,1.2660048121451495,1.6608049196185954
3.719054611615387,2.0332326206061673,2.8058982731962177
0.5951106249684144,1.1079115855998092,2.9325708808722437
3.760116059713094,1.0964987371273396,1.0390681483507784
3.3308647891328507,2.3592954792138947,1.9884608501825607
3.3842193527858564,1.1099632209543817,2.2441120070067835
0.49569203969577735,2.0425676912382205,1.025002798813242
2.385947593366948,1.5320529883144085,1.7003284952395248
0.06556992350372548,1.3753878860141315,1.0560872170110325
2.884737464202427,2.1466377801092937,2.2329829520001265
0.03095005650361582,1.5929265946994497,1.9263166049207443
0.3392891097809345,1.9127647494540108,1.5258299791204797
0.9019936418000944,1.2779476774289882,2.5551805530181406
3.5004981354928986,1.2529713769064454,2.085828817769053
1.4543052719504534,1.2130578697099728,1.6648544672622374
2.159839740850234,1.1431202248676646,2.870605813848952
2.2724128552759137,2.1074274374015305,2.951668730157367
0.9018534412238397,2.5120109829751573,1.3648021179194616
2.2885870719378447,2.5847337443977123,2.956783589936981
2.643807180118413,2.915689616278799,2.175208037366871
1.1929815732693179,1.3367847203817511,2.7507168648820786
1.6745074359201038,1.271237907777682,1.582995052472647
1.8123556981845201,1.9399095586203778,1.0932154792925377
3.7294026461683263,2.7220150513443,1.0251701625136835
2.34997498991801,2.5341385478526206,1.8618621704834342
3.793009486472565,2.116356216437665,1.0090976985028028
2.2241390150605875,1.3135665312154736,1.8909628537976968
2.0022456833964046,1.7825251382114442,2.4879404946276766
0.014128843864993357,2.4386915533095,2.3366685042984967
1.9235561754998485,1.746825369884724,2.463910995865411
3.709819994250607,1.078238700553324,2.1891617563618837
0.7934627561068766,2.1677679221464023,2.9079796281109074
0.20836453755799544,2.440269159385899,1.4802053390083543
1.6271155738954741,2.4295429832849136,2.8076530167844087
1.489585922376448,1.3297316770694565,2.9634574398885993
3.4286122314849745,1.6719831788078674,1.0070961407262478
0.10644446223983817,1.8183445845938395,1.8622755719303876
3.6805969190360197,1.8409628254542516,2.3521444220951366
2.7236119959798257,1.2283169790093553,2.2290711013593723
3.6169039762568707,1.7710630614027096,2.978487376989981
2.430116283282555,2.0132643730876585,2.320736164395602
3.2478132497444974,2.421121344232743,2.2348923700631405
1.3421754941571447,2.1388953776882,2.852658639429311
1.398264912110239,1.8098611207977982,2.8042288653121816
1.5594969213131695,2.855194725509068,2.6683718603530506
3.019188326291133,2.1961671332634762,1.8147493601529079
1.4771646977145911,2.949581767410826,2.394996403288695
0.9688792259690691,2.7347527127002795,2.9119997861816778
3.750673427162383,2.3472522032502288,1.4797721035986335
3.6320443346521603,2.798626990849411,1.975962467935944
1.3951892643479642,2.9824793562366523,2.5151423732125218
2.538552281032189,1.441754533928289,2.1955308116855345
1.095368846612303,2.3821130398076082,2.56749616773447
0.8244605148542763,2.8375585557182577,1.5280208977242544
1.3453581159871777,1.0348003200329314,1.2616508825005246
1.3083995704620048,2.5989779930651684,1.9424252368473494
3.529104404786465,1.1788058997820152,2.3296292075997034
3.2892152588949015,2.833108594890427,2.1950928191877157
2.8384929142363915,2.2240267468083066,2.221350957093512
3.8373809010355875,1.3241388771331575,1.185323732626622
1.6901734124322325,1.0788203351421068,1.9826375827322842
0.980132154222705,2.655642967552442,1.4049300702312368
0.46959374876595694,1.278983881889579,2.4213560928085904
1.2042134328047993,2.879082747693644,2.116838335339611
0.5810549358818151,1.1817305134005005,2.201555104315008
0.3687443894734801,2.6759569675864645,2.1911337898419623
2.411728786827693,1.8470650864610199,1.6124269577381953
1.4567497990257876,2.745470694780227,1.1667384398856557
2.2582813703845743,2.537148483564865,1.8261781283501899
0.7653428828822264,2.7057645647204023,1.5954828277888626
2.7076234386110425,1.9404841848204817,2.139414978188549
0.8620217891026392,2.427536633457398,1.44627549675347
1.1120943749761443,1.637335185380861,1.4474035946325985
2.9670416885795072,1.0943465356268356,1.650311981353572
2.2389515825788475,1.4648002217080978,1.346648985886322
1.339345651468077,1.0027232782105073,1.8040215222649854
2.1719551301807742,1.726056311977028,2.648034401725881
2.77593881143297,1.9876576739680676,2.7040087683733063
3.648528485910516,1.0388141752596185,1.2164941191551302
2.3228528535778157,1.0154596304528936,1.661460282166519
0.9307455155715236,2.372927136864612,2.226424170225115
2.986790523105986,1.2008716837436388,1.4538970114001983
3.11107607021883,1.1476910124524429,2.8389538189024677
0.801605259850616,1.991196350610026,2.4132667400895156
3.282296878711544,2.436318619161621,1.440579878014881
1.859739418891306,2.9543304772659265,1.2133656360944844
3.1190666483557807,1.590794600329378,1.1475517147452163
0.9499128799530636,1.2350359479642132,1.3759481562405946
1.3303210788707056,1.137073168079928,1.7910957638347271
3.814788477166611,1.4150213931755027,2.501577292454467
2.63126029259922,1.200109314108417,1.2819978963147045
3.091511322006167,1.006768722801854,1.072924418104599
2.7534973728825163,1.5701473843200915,2.783401149746204
0.8172164713937309,1.3284137673370253,1.6707510506229155
1.8827549937861705,1.0364998041902616,1.6607232042882596
3.23585549084714,1.7092639668943117,2.0502148240771745
2.7001405076374874,2.6518315739833787,1.8396594589068247
0.024111542613191705,1.6073230305598412,1.5904602501852416
0.3496309706112912,2.4201994729871683,2.431158641437061
1.3871788808542376,2.4574698953035865,2.584337201629357
3.7774621584743606,1.0511129273920217,2.652559344771112
1.964761923898334,2.9235702058680504,2.540060553118976
1.080705069721335,1.2780187859800218,2.380855626611589
1.4416948778148395,2.4349299786072702,1.3860247128423615
0.8426105102162529,1.7588862699050376,2.4633007811842407
1.6848002286800505,2.7364450854967792,1.5494227635942384
0.8721417581978983,2.98992205684747,2.443635046265982
3.383010029211711,1.3866459347155697,1.195725806141227
1.8250823961662515,2.638911236096256,1.8460319481213772
1.119208073743081,2.0110058951588186,1.7860365928886364
3.7315665925659265,2.930862128565987,1.0734022997038393
1.257405414516787,2.316177994866493,2.7680391887547344
3.6388586481733523,2.1864758032925966,2.3529602189362513
0.17367236388110818,1.4590468952064048,2.556514866061063
2.8284602410707045,2.4374001286216402,2.331441991081717
1.9355561561385053,1.57640257412313,1.686000320223677
1.776884245311921,2.6915172254815714,2.0135877518350513
0.14529337740792636,2.954527318196732,1.2574905578692748
0.16273276196552455,1.0155859629585502,1.3232346007481501
1.3310144682477638,2.909266163786925,1.6481371649208179
3.788478159629733,1.7169205863282642,2.2873695897137134
2.4706399084587645,1.9766313590206193,2.1991894871551674
1.4754993667237075,2.848171027396058,2.5505203021138394
2.447908156219622,2.5519153774104026,2.0643143155419046
0.82452614514091,1.4864449762203669,2.3513418481213515
0.6602657713121496,1.19370537609101,1.087767564322912
1.4472690621254336,2.6824524554898144,2.86659580717268
3.4534134061617268,2.494120264946466,2.692374111889005
2.0376069094008953,2.7166788463531564,2.873229293807422
1.1876060642274222,1.7680826567799535,1.347250069037788
3.801006500276603,1.984227421266057,1.2919466748021946
3.2638643586682394,1.9300372559463908,2.0804881903594348
1.2918957712097048,1.6294433411026017,2.6774370425705882
3.8883929809119695,1.6713447560109995,2.4767561935908002
3.949404391321563,2.437298518369767,1.517251105143655
1.6346405349831121,2.5061422534546054,1.9504985088893239
2.623692411553899,2.727707973019263,1.4707196165654328
1.6226127938049122,2.6898040761512023,2.1284604415960446
1.0293924229622844,2.5078754210492438,2.1350646046193744
0.330610703999473,1.6655556357384782,1.1662398285950004
1.0544413844713278,2.4200926756462033,2.2656333307934213
1.085919414038981,2.945248984216585,1.1940606139918135
1.594556318732558,2.8324798297444467,1.0558090807941978
0.7395441241012346,2.94297545277931,2.710259060469965
3.8152736132579057,1.0724150398874173,1.4968943147146372
0.4115195415246302,2.223198273814951,1.9302006078770786
2.500834132555206,1.4306858019474535,2.8759218108250106
1.7667895521848824,1.4931194687980105,2.250826884891615
1.6940721959063718,2.6881218162711513,1.7452116832288722
1.487967131697118,2.5003833595834415,2.7036830851369613
3.4732588406897835,1.65760483787524,1.429149194214661
1.1219079225872388,2.039830727300266,1.976524778252983
0.08230462957449314,1.3766597541215069,2.1314774909244765
3.6723880638364266,1.0076544076002212,2.171652706467813
3.457921110294422,2.7999162139583893,1.0350197440811297
1.1076071601840116,2.4192846387856104,1.7539349384999943
2.0939501933000737,2.057636894000844,2.029785591247423
0.43635278905726826,1.108197725111245,1.9156944112219751
0.37370827504430304,1.8416803548446214,2.643885920487045
3.3498644337348362,1.7600838020486702,2.445882255034416
1.641062870276932,1.3430939930199266,2.8643263799283067
2.6468661608092283,1.3123765576039221,1.4475615807277444
3.772802233908611,1.3463555944541672,1.3124333947068232
0.9805223662458489,2.19367119154992,1.406438029443682
0.052639325163445605,1.2494079036802332,2.3127558228078677
0.09659362313508968,1.4770985133267922,1.5033681969583552
2.8375427696126883,2.8925443620079285,2.329138601235883
3.6982075391739127,1.438923568904052,2.366703848495228
1.869321092051484,2.527713192996971,1.1626526881798926
1.5004365923900749,2.1960800190970673,2.4800208504902486
2.171441698709617,1.8263136188939053,1.6279288994293308
3.435667350325763,2.190571786995371,1.4422408217160803
2.608615495171766,1.2672400598433162,1.5176238895807077
0.9319195867284251,1.968375775856192,2.7925935813589637
3.0983208180822945,2.9442670078174706,2.2102137243510795
0.53845398934588,1.8554416302167243,2.2994262863291266
0.6622398829148515,1.4857624888418295,1.4342473871330232
2.4507291312359585,2.855013761245531,1.7199262040572343
0.9551336245705246,2.2215486399326227,2.620966043742386
2.8191141902221224,2.455714488890823,1.680350460118176
1.3980741095678266,2.086809249138157,2.6253013185496483
1.1096958400295414,1.022404020053882,1.3999696302542033
3.9956736238911903,2.51140022083694,2.4647512097510886
0.16246449823383813,2.9573943518439467,1.2336219718688397
2.5832900867324486,2.4323752149940256,2.6447707384118324
0.1547983400489774,2.6175147410775477,2.345424027512043
3.0408410316760164,2.7031733391224044,2.91463559848609
0.9203598299931635,2.9984025251692517,1.05904423667459
0.35932746828945605,1.577226997940421,1.2637141329115031
2.593798847636191,1.8987683846376369,1.0545492363904727
2.9304048691717135,2.0856521799977124,1.0335005441862368
2.7123812596753756,1.3049113886088206,2.692105538135139
0.20760378853682893,1.9619520011643683,2.2628501397770058
1.1772277822166246,1.5539617735856308,2.2875278958116776
1.8043533848795001,2.673864701071429,1.7522553616791219
1.148413158901986,1.6941271954456703,1.1065958514338354
3.2420538250814834,1.1633693242260472,1.862374423188973
0.5244604206107875,1.0201708378413197,1.3147341956733498
2.4487174467623674,2.721086975087768,2.869190482227067
3.952859774509814,2.7176914275989237,2.75708998026298
3.6102261543954755,2.868177411146572,1.6018383629770696
0.8886282499403944,1.1450910659464173,1.0346551277831497
0.00032755045467069976,1.7895172984416945,1.0418513040138082
3.9223893682479556,1.856387887077893,2.0576776027211365
3.5308519387895103,2.7217675681503364,2.6463096694166532
3.6778898653104504,1.5228407850210717,1.6846450663680987
1.6620142033505334,1.6044087960060915,2.3148902255616504
2.978461848626924,2.4654545383753548,2.715965231213956
0.8513259942765963,1.3601049812696708,2.272445615599879
1.56921628433571,2.270749672354305,1.012259330887627
3.406192205548701,2.4844184699921277,2.102281375545655
0.5104488968720831,1.3609069314335172,1.3496991148122204
3.575461471494556,1.443889535426724,2.6001277034833654
1.9860318895004525,2.3996184958959548,1.8247448524526988
1.7043826214902977,2.589008635111451,1.878399080308106
1.2225855523724736,2.9067096538449633,1.6078186809904684
3.6673951410911045,1.6172997947283756,1.4591107796846634
2.0704938430451563,2.097267168228913,1.3199089402894728
3.216105473333911,1.293625511118067,1.8153514264890211
3.4306071491241297,1.873790318651778,2.075165225288083
3.6895294183661473,1.52224136914339,2.8018790800231734
1.2135229361323048,1.6976003607712904,1.8038925198977824
1.3592434161773785,2.606731197513116,1.6435065439057623
2.3802955053904595,2.60645944839628,2.636349600312994
1.7652965418378845,2.409011358523397,2.3923837136292496
3.731370130478968,1.2472786169441368,1.2295684077103535
1.5902562065339456,1.5680501574975887,2.4146652120517755
1.9111121935008413,2.878591645265259,2.9024041812217845
2.468744354213072,1.9050523020552759,1.9944170323631623
1.6189579438949901,2.243689502915834,1.98117149149337
3.969913743700426,1.0366181100410428,2.447149568983711
0.3954051382359456,2.036040096215199,1.3997139961220393
0.8824132712288093,2.3782857403443876,1.734008022834794
1.2906205244946007,1.1177635656659215,1.6338425082654766
0.5908913745584807,1.2305690660902784,2.991766467344404
1.1368769381262216,1.7367385940999303,1.3232364220422452
3.116981171437921,2.888917526556864,1.3479088270548463
2.0915680035408712,1.4975960074901984,1.921813587587208
0.13581454451288,1.0432053452822858,1.5486237968641534
3.9304903407487553,2.6185569448645936,2.7413546930205825
2.4640259102665873,2.698496754364776,1.8729524346428106
0.23575791441208382,2.073391001895244,2.3697940523577703
2.644675087187922,2.786094437789045,2.636405681706237
1.5134774827809356,1.358068149321169,1.5440919338881804
0.542693188500289,1.5493372464204436,2.465475133609096
2.254658371596771,1.040899469809184,1.798194339366797
2.908319802013321,2.1668645635147836,1.5090388263019734
2.684506417880487,2.7747774969142003,2.7802176322933647
0.9900526140014256,2.2128025178384316,2.130069551258691
2.099464885811631,1.1605716407080942,1.9926632523387826
2.150653776283477,2.386447087776436,1.3612060035708635
2.8672134565281473,2.3518812256838544,2.803281241783992
1.439469395764268,1.3334884203596078,2.275683912936795
3.190930380763757,2.657968581761085,2.8952473234491265
2.5116873955824,2.8247807243623133,1.088654721350869
0.15332642807415464,1.7833981715049272,1.2332493360809438
2.1859160866763396,1.6175282333939167,2.75470812449312
3.4476483817270798,2.149347503687449,1.9035283291297618
2.270296650221125,2.945034383845825,1.933956037705415
0.7033130618227803,2.4499262381591276,1.4465622827740843
2.041505481390336,2.580125104899003,1.9768551428142367
3.0277833461172046,2.537166943925419,1.8770460076930606
0.44042078578160204,2.91398791454505,2.441714476211369
3.268396314960953,2.6323843992934375,2.2709688841413955
0.6699265646522443,1.5366284763933777,2.5979704099694825
2.136305968864258,1.4626021040038093,2.5662032114822955
1.54297392974687,1.4841812895690534,1.8430353085459223
0.9944950700454229,1.4258698149785543,1.6029682405007821
2.589730052034929,1.4165268162915687,1.653586679519274
0.14956843508975748,2.869004755392794,2.9798813622642837
3.0401832269745803,2.903324887031763,1.8184642172214291
2.1077625549374837,1.1797088087933458,2.510932812849945
3.5030848421754115,1.128148699224715,1.165484180180542
2.0828732796853995,2.714060641009977,1.859130063625707
0.14013267413619257,2.1274837256574024,1.6577435102527616
0.5744038755285681,1.423132637249465,1.3204264967272896
3.182418354563309,1.923633371733476,1.0477470726432485
1.9679041954317924,1.14749259802137,1.5038972011427079
1.7675170858634344,2.9644333669309324,2.5866433018260477
1.273739125509974,1.2799028639810128,1.594983470279055
1.1381967930685217,2.613106670077312,2.746035048514215
3.8635452499590155,2.9163596370097147,2.157695376292965
1.7318773231337103,2.422022225384471,2.609471380346189
3.5360121307000676,1.1771019486557959,2.9987251843849005
2.592652492823097,2.1799699607422633,2.2811264620681015
3.4337105850946394,1.258432999830861,1.6817592154134378
3.4097981790959504,2.733900065549947,1.6200488872705416
3.825248111158806,2.3456527124117716,2.9453752870611094
2.791768944812376,2.8841122980661233,2.4291349911583433
3.2215877415774647,1.2917717138368816,2.0050059121998127
2.932511581610326,1.9073687158953743,1.428152326002794
2.420907343783122,2.087126247949925,1.979791164261506
2.869416535566927,1.2166760601828783,2.5242798440155996
2.8630016456993315,2.353811383874233,2.9494335310594244
0.16363117214519063,2.132871229843083,2.345619635770606
2.06444334212601,1.6960841177750234,1.0492715273738542
3.1706054429058983,1.8258347652069284,1.930348283495143
0.971848746040016,2.592457835208009,2.6553544271074876
1.8605919458960538,1.71282644561394,2.0210349109386767
1.7399428438415803,2.945266290229359,1.6882148257530978
1.6111486771369758,2.8363692671048817,2.7222098666239156
0.4873581110696459,1.1561722335809828,2.1551837713761692
2.1028461650805914,2.7048336527930994,2.0087825008503994
1.784993461081326,2.347557868957036,1.9725755028695573
2.6535710291105628,1.1106389939710737,2.362988107219774
2.1976522351298065,2.910732273635668,1.9105655211938006
0.11017171860861286,2.666973960800574,2.134239664213274
0.1276719504230055,2.665367926512913,1.5770309732819459
2.805439204072931,2.831289984223016,1.343730728884517
2.830324474237424,2.842168602044259,2.6401065814440425
3.8397565348978673,1.438159062928832,1.6383951160639296
3.5068187260152452,2.874725219102751,1.2513291849807346
1.8722386695490236,1.0958602587682418,1.3685240636307552
2.5036260467406755,2.7628646108749564,1.8253240136196403
1.8287269107850639,1.9134250448352712,1.5708537705933525
0.8917849466710117,2.66233549673283,2.3901654554495324
1.506707989025371,1.5460825970879284,1.6998017505057483
0.41553692985866464,2.509726104284825,2.171700042245417
2.66610847597997,2.6093998117024784,1.3342211319079174
0.7681205748558702,1.1618747431674663,1.2731702841091876
1.9018711499644652,2.828828921505284,2.8126214694161575
3.86974641208551,2.634501194945111,2.729172368095572
0.12667572259234916,2.190924059637019,2.795468371142337
0.6069198002248486,2.4158587999010193,1.9868618870057544
1.1943167374868722,1.6916405665033722,1.1408741132965503
3.7672278576650178,1.9411207253374716,1.6203743833345636
3.6353671845133224,1.2947256679358825,2.762803988524075
0.6480033632478426,1.9998145717782356,1.8450083443440117
3.9244710931099114,2.565642692287259,1.653734754986311
3.0029901005176836,2.116792836906419,1.5909937601040656
2.159908331730391,1.2669687919799484,2.098886951315841
3.726811531845944,2.6591039838061965,1.904554421359453
3.522428568706372,2.4759735350568617,1.7497792260078353
1.5652659700690288,1.0747099507219673,1.846087116103926
2.6253727839177268,2.609763362229241,1.5333293975862445
2.5895405822933744,2.730488970619394,1.3836456630515095
1.3078727432918584,2.0247591268851934,1.4036966596872045
0.7175606986186636,1.7571876246529163,1.0766888239038732
1.8672395098479146,1.1669581836264225,2.89120782822483
1.0531241452266364,2.6565519566154823,2.9130079620732117
1.4202605054656101,1.0073177281289512,1.2057718389017078
3.8165758755938386,1.6869733918521737,1.1476260107687342
1.8445514821286775,1.6554704131891695,1.8325332217451462
2.7395658619063594,2.8240246568745944,2.527889017019281
1.3449195790706159,1.8985821357490391,2.652071938270598
3.9834443138030884,2.777315076807913,1.04277939698399
2.6350704241666687,1.17859046942789,1.5666047548162092
0.7840378629823355,2.6921576349565903,2.0706124888255264
0.39273599448586793,2.224756709187335,1.2701912458102778
3.772722284708332,2.075838163959191,2.9399796957201674
3.77911132884251,1.6119116594165346,1.5025896276055297
2.4853135017117247,1.9807385542717875,2.0627446516999073
0.06796599738497289,1.546908962755314,1.2193074590160682
0.9021395371059517,1.9116359136641823,1.6778119948775816
3.205107136474103,2.537633883573821,1.2462225143102124
3.501839317252149,2.2509809615096117,2.8236936614019115
1.815959257650615,2.361068892981299,2.8997231602774516
1.4620824731097781,2.7844335209212625,2.082641072036646
1.096900045832181,1.1058786954257698,1.6996960607238072
0.46788205506550007,1.3978860752220195,1.6469831828446269
0.4629781437963878,2.4483878809646242,2.847356311036352
3.810410793631856,1.8164714207456742,2.2386763806610483
3.234504458902001,2.3004264924674525,1.8191850866006487
0.6591174423579722,2.795530224154268,2.5430961313179066
0.8282001995357322,2.4720068532328927,2.0705791505013007
2.6222062026417072,2.866234547828326,1.435944316175336
3.0586568607345233,1.3038832096226083,1.476981883121742
3.2412593810417905,2.513258594025144,1.5504067717116192
0.6533507653455315,2.405254021877316,1.032015189214704
3.936513152094789,1.015105476476677,1.5116270133579444
0.911208263260106,1.085950798928951,2.2226613344210433
2.3576617325227893,1.0675391721662133,2.506769141176468
2.35046302127524,2.055234795982475,1.2268611652379673
3.8694475425707204,2.5530195982179036,2.9444912287926304
2.630669772300632,1.8107151993967445,1.9774993213993823
2.3396170652859825,1.006459776987113,1.124484136593836
2.075090314655907,1.3497893786942061,2.879952654009836
3.0586301523901205,2.897009817390676,1.5433452803062104
0.4242210423505002,1.4893248919872,1.6194252985580315
0.008367604732909761,2.7067712142756433,1.9186919667589675
3.8099554711578545,1.740775204936925,1.648744592667718
1.9946307180007428,2.042593656923701,1.3553562411377431
1.313341515341563,1.9794650387483934,1.254257607000718
1.4722130403324227,1.2689615079217889,2.019370086900001
3.2153732644757036,1.732326061362506,1.1410601385068153
1.5294808496750067,2.999288501623052,2.41966833357023
3.0806766959747716,2.128253015263454,1.6837725400530772
1.761848008351416,1.9304705312304127,2.9852483377307473
3.3763098510017655,2.0982869819327217,1.125706798657247
0.3048162561974097,1.5260181470567173,1.0971435173513708
1.9245133103205454,2.1327324297456713,1.5036180744280272
1.867398840853555,2.4566397318821416,1.7032222314598113
1.0573119172482315,1.2113678689910448,2.626493345005203
3.77445897977863,1.5568993244978049,2.659347700680258
3.620113831436203,1.4178445693854302,2.4471718002803655
1.77438520778363,2.4897584633107703,2.651454365184925
0.3886384228618769,2.8713331554553525,2.4566857787581746
0.8271325955868378,1.849374393652624,2.746007012355684
1.0859673458538333,2.266491869130236,1.9290264061399394
1.9368790940857568,1.0624243205847739,1.5528763420943166
1.3535084448749126,1.2629752200896622,2.258916634578899
3.096544279201933,1.76890112738034,1.7291379085344465
1.9041064305403346,2.3287841290742093,1.1352863672064266
3.481482017773814,2.2806570104619883,2.7116722314925665
3.983127000541122,1.3843129850002758,2.6681918327329686
0.8793438000051488,1.2657923428085467,1.9926254669917127
2.446685508700411,2.876143293630399,1.9320322164335189
3.3900092421125736,1.7107194398808534,1.2377346225149244
3.780946539780337,1.9208640361683622,1.2517950986243227
1.1603457001935222,1.1907194377954973,2.5955171555897056
2.9081709757855183,2.820469452653658,2.708019853301507
0.060064593668383015,2.336036928838488,1.0113630457463205
3.5165697535581337,2.0199419229718387,2.567802867105585
0.2557541964584318,1.8625314786359306,2.071940351185585
2.9335815946792763,1.1029310234556813,1.8747025243417104
3.978441547470637,1.4285884161756204,1.950985615527837
2.004759123170717,2.7121583948367087,2.42609922440227
0.8373359629334778,2.2444088255722656,1.004780424689029
2.378574331546099,1.3877502405565727,1.1253850710343416
2.496599918951563,1.378406435134605,2.682670391482633
2.6722909493145885,1.7002510250831047,2.99530217658432
0.6904469686916044,2.2305930766613753,1.4831695348429368
3.594850769729632,2.0848305193692633,1.8002348748757724
2.4839654700019143,2.0540697504227383,2.403895584092088
0.17427481821094748,2.737861599623073,2.3295673386677773
2.736164258828025,2.722502913248306,2.5674669275588986
0.7843361865159997,2.6903970056089137,2.828243389942205
0.109363125277818,2.404903367518921,1.528140221596942
2.2038131009330217,1.7849004270316926,2.054151013832147
3.253254554323986,1.538688540230757,1.2809879772831045
3.4397645931305876,2.911385279015297,2.94062252197325
0.4140837005966307,1.090569925707672,2.5147994068197885
2.652171142733905,2.236766146588552,1.374701791626053
2.84030089783188,2.692248244866704,2.4797062853223104
1.1780679762859578,1.5438258199253445,2.5976675529672217
3.885455994739014,2.957492143456939,1.2728971169755132
1.1147498802721874,2.771847943884101,1.9984611116056006
0.2799287575395186,1.3986561769932702,2.6454750911366496
2.0771214445713055,1.540618633866678,1.6943408545496872
2.7772595447054313,2.7946058202175923,1.1009498771461372
0.9786391482505401,1.218503586775659,1.6881624149448269
1.3543288089198278,1.376954343243393,2.5639587040588223
2.2545119321262788,2.217098818303241,1.2007989120658065
3.546712663158041,1.2940286900605575,1.62049510793635
2.9893036237496577,2.1450903417967315,2.7071668018581434
0.8383678364591227,2.1510904264303123,1.3238706417702253
1.007108282884412,2.1927088012936897,1.7773039834671231
2.095522756669974,1.5014027823505718,2.1083701569495954
3.0758347798594565,2.6421617335194147,1.3558784431027424
2.4750471127709477,2.9408872443666665,2.401308261032093
2.005297065203663,1.5557720449471388,2.562613803064111
2.3885013593609687,2.730986638338529,2.2691674355349636
3.0242401165186426,1.586104079604542,2.7236153227167414
2.1483191752013764,1.6978542278572275,1.2614023297204728
3.5910109768161482,2.570886892509951,1.0065899680181027
3.7882699619611127,1.2746601964278692,1.5338805794500343
3.6614180265019667,1.1236151458681929,2.6800710689751956
3.0180733602400878,1.7732652004363862,1.2539462522285825
0.9852840159648912,1.2593664411289065,2.5276848460763213
1.5410857840355505,1.1591055108615076,2.8586012661665823
1.1199998042654027,2.1774560404311574,2.121544251395207
2.6306409642364192,1.3679494908604148,2.7660786586511357
1.2968864977667436,1.6018025789753236,1.4962090863230282
3.0175664196173444,2.4581771331457674,2.445643564814308
0.4540363136371295,1.1859914438950838,2.5602659298750217
3.1014590513707665,2.9879364689613324,1.9749893984978268
2.3436078986133415,1.6175133360889782,2.20550604029403
3.3415547485860007,2.091258503698864,1.1777895005937515
1.7235026085228475,2.5836989628075746,1.5526733056266477
2.4998578128354136,1.4740129947116556,1.1535887768217197
2.2176485262620567,1.6823275134981412,1.4788819035866299
3.9026850654123257,1.4125375342683975,2.78514361749688
3.02189756567244,1.7571566235143186,1.0616917866119198
2.179252997630466,2.469873344997114,1.9936604513268366
0.6961283621548815,2.428853787618995,2.045331980832323
3.616456867400533,1.3640383573962866,1.5715449774988237
0.8233511307332408,1.9538479241401414,2.5632468361688465
2.600173027160627,2.376413533323995,2.1790875849851163
3.7458874118987775,2.476299789044085,1.3904899265730202
0.8943185208467659,2.272073943667726,1.942372670483402
0.9036941629456612,1.3896454243938439,1.046736876071328
3.407275641688099,2.736158110819053,1.0358134129806629
3.310620103875539,1.5768955482754938,2.4697721811843927
1.4068134119108184,1.7398436060033946,1.3445279582220304
1.0603851547273795,2.1169956038597957,2.9369642424527918
0.5095538890470506,2.7187570098277805,1.7164206446129404
3.9517444124005774,2.299300624132306,2.39743215682348
3.3413724035210657,2.4033754089578263,1.9249520098476685
3.597566419756147,1.4327365593737833,1.8189244989269013
2.0547173040416284,1.7051236482933088,2.3358713656892247
0.45753932914509576,1.2737868360831175,2.2521144716073342
0.21032135380123718,2.473806832614975,2.7537264593705006
1.3223284112597975,2.897515613121767,1.168842687605696
3.6813217319473597,2.4697365229737493,2.0131095219856494
3.7903273405497884,1.2493574320730563,2.2153700602823863
3.3646554630765437,2.386730704722443,2.2997010516363146
0.6347165738821627,1.8664503822508562,2.250960116068959
1.6796926844443165,1.1842283639970728,1.7356875347562046
0.9849716748005046,2.9989483465936955,1.0621541813908637
0.821399098913461,2.4482505814748023,2.426992808424849
2.739303400442599,2.2448759385134442,1.087678849803151
1.9444466708790662,2.74619574673765,1.941428805888224
1.299638579903303,1.650682188961481,2.438246398511022
0.4008578493392867,2.333690180634432,1.547023192855285
2.179053483966517,1.9365608649324009,1.05560115190079
1.3881006122675879,1.247899535460436,1.1854409616285873
1.5643832246018379,2.0821394274423275,1.2782121677561225
1.242034967178825,2.263818975441934,2.33019611802787
